customer_id,name,email,phone,city,join_date
CUST-10000,Mohammad Zare,mohammad.zare828@outlook.com,+98-913-151-9856,Tehran,2026-05-16
CUST-10001,Roya Moradi,roya.moradi417@yahoo.com,+98-925-318-7570,Tehran,2026-03-04
CUST-10002,Peyman Ghorbani,peyman.ghorbani949@yahoo.com,+98-919-533-8973,Isfahan,2026-02-06
CUST-10003,Reza Bahrami,reza.bahrami754@outlook.com,+98-911-865-6138,Tehran,2026-06-29
CUST-10004,Azadeh Farahani,azadeh.farahani162@gmail.com,+98-926-182-4044,Tehran,2024-12-18
CUST-10005,Babak Kazemi,babak.kazemi123@outlook.com,+98-917-692-1651,Tabriz,2026-05-28
CUST-10006,Iman Bahrami,iman.bahrami536@yahoo.com,+98-939-367-4346,Karaj,2025-10-02
CUST-10007,Peyman Ahmadi,peyman.ahmadi688@outlook.com,+98-919-568-6180,Tehran,2026-08-10
CUST-10008,Iman Karimi,iman.karimi76@outlook.com,+98-916-618-5345,Isfahan,2025-08-27
CUST-10009,Roya Salehi,roya.salehi292@gmail.com,+98-924-953-9900,Karaj,2025-10-14
CUST-10010,Azadeh Hosseini,azadeh.hosseini684@outlook.com,+98-919-779-2697,Isfahan,2025-11-22
CUST-10011,Hossein Amini,hossein.amini160@yahoo.com,+98-919-719-4450,Karaj,2025-09-02
CUST-10012,Farhad Farahani,farhad.farahani501@yahoo.com,+98-938-966-1832,Tehran,2024-11-08
CUST-10013,Farhad Mohammadi,farhad.mohammadi4@yahoo.com,+98-934-233-5291,Isfahan,2025-05-24
CUST-10014,Bahar Amini,bahar.amini10@gmail.com,+98-912-807-3442,Tabriz,2026-07-14
CUST-10015,Donya Amini,donya.amini152@yahoo.com,+98-914-142-6050,Shiraz,2026-07-10
CUST-10016,Leila Shirazi,leila.shirazi256@outlook.com,+98-913-462-7658,Tabriz,2026-03-14
CUST-10017,Roya Moradi,roya.moradi820@gmail.com,+98-938-522-1406,Isfahan,2025-09-13
CUST-10018,Bahar Shirazi,bahar.shirazi885@outlook.com,+98-935-354-5371,Isfahan,2024-08-31
CUST-10019,Reza Nasseri,reza.nasseri228@gmail.com,+98-936-571-6728,Shiraz,2025-12-29
CUST-10020,Kaveh Kazemi,kaveh.kazemi337@yahoo.com,+98-937-171-5573,Shiraz,2024-11-01
CUST-10021,Tara Jafari,tara.jafari962@gmail.com,+98-913-998-5279,Isfahan,2025-01-02
CUST-10022,Fatemeh Mohammadi,fatemeh.mohammadi112@outlook.com,+98-923-453-6139,Mashhad,2024-12-07
CUST-10023,Yasaman Kazemi,yasaman.kazemi922@outlook.com,+98-916-360-1727,Karaj,2025-05-30
CUST-10024,Ehsan Shirazi,ehsan.shirazi737@outlook.com,+98-933-786-4228,Shiraz,2025-06-04
CUST-10025,Saeed Tehrani,saeed.tehrani322@outlook.com,+98-937-227-5920,Tabriz,2025-10-07
CUST-10026,Mahsa Kazemi,mahsa.kazemi714@yahoo.com,+98-927-230-4143,Mashhad,2024-10-08
CUST-10027,Shirin Tehrani,shirin.tehrani583@yahoo.com,+98-922-661-1006,Shiraz,2025-10-30
CUST-10028,Iman Tehrani,iman.tehrani671@yahoo.com,+98-924-552-8244,Karaj,2026-01-13
CUST-10029,Shirin Shirazi,shirin.shirazi87@yahoo.com,+98-926-779-6491,Tehran,2025-12-22
CUST-10030,Roya Sadeghi,roya.sadeghi151@gmail.com,+98-911-350-8784,Tabriz,2026-06-06
CUST-10031,Iman Sadeghi,iman.sadeghi736@outlook.com,+98-922-606-7547,Isfahan,2026-03-21
CUST-10032,Sara Karimi,sara.karimi798@yahoo.com,+98-917-280-9486,Mashhad,2026-06-29
CUST-10033,Yasaman Zare,yasaman.zare137@yahoo.com,+98-931-643-6198,Mashhad,2024-11-30
CUST-10034,Azadeh Fallahi,azadeh.fallahi851@outlook.com,+98-924-262-8777,Mashhad,2025-11-27
CUST-10035,Fatemeh Farahani,fatemeh.farahani497@outlook.com,+98-917-381-8206,Tehran,2024-08-19
CUST-10036,Farhad Jafari,farhad.jafari328@outlook.com,+98-912-241-3471,Isfahan,2025-07-23
CUST-10037,Leila Rezaei,leila.rezaei425@yahoo.com,+98-920-655-8633,Mashhad,2026-06-17
CUST-10038,Shahram Kazemi,shahram.kazemi927@outlook.com,+98-932-120-7232,Mashhad,2026-08-13
CUST-10039,Zahra Kazemi,zahra.kazemi874@yahoo.com,+98-927-865-9947,Tabriz,2026-01-06
CUST-10040,Farhad Fallahi,farhad.fallahi498@gmail.com,+98-922-444-7624,Karaj,2026-03-03
CUST-10041,Parisa Tehrani,parisa.tehrani547@gmail.com,+98-939-503-1444,Tehran,2024-10-30
CUST-10042,Bahram Moradi,bahram.moradi52@yahoo.com,+98-922-435-4467,Mashhad,2025-09-19
CUST-10043,Peyman Ghorbani,peyman.ghorbani771@yahoo.com,+98-918-954-2341,Mashhad,2026-07-31
CUST-10044,Maryam Salehi,maryam.salehi230@outlook.com,+98-912-899-1659,Tehran,2025-12-09
CUST-10045,Ali Tehrani,ali.tehrani157@gmail.com,+98-914-584-2874,Tabriz,2026-01-08
CUST-10046,Farhad Salehi,farhad.salehi172@outlook.com,+98-929-865-2876,Isfahan,2025-10-05
CUST-10047,Ali Rahimi,ali.rahimi590@outlook.com,+98-939-484-7498,Karaj,2026-01-28
CUST-10048,Babak Karimi,babak.karimi714@yahoo.com,+98-937-800-2983,Tabriz,2026-07-08
CUST-10049,Shahram Shirazi,shahram.shirazi380@gmail.com,+98-926-763-6590,Tehran,2025-06-15
CUST-10050,Yasaman Fallahi,yasaman.fallahi984@yahoo.com,+98-930-948-8532,Karaj,2026-03-16
CUST-10051,Pouya Isfahani,pouya.isfahani277@outlook.com,+98-935-651-8921,Mashhad,2025-05-30
CUST-10052,Donya Ghorbani,donya.ghorbani331@gmail.com,+98-936-188-5569,Mashhad,2025-12-13
CUST-10053,Donya Tehrani,donya.tehrani685@yahoo.com,+98-920-129-9098,Shiraz,2026-02-14
CUST-10054,Navid Ghorbani,navid.ghorbani349@yahoo.com,+98-938-710-5526,Tabriz,2026-08-09
CUST-10055,Leila Rezaei,leila.rezaei248@outlook.com,+98-923-600-4937,Karaj,2025-04-19
CUST-10056,Setareh Zare,setareh.zare812@gmail.com,+98-912-401-4630,Mashhad,2024-09-10
CUST-10057,Iman Salehi,iman.salehi485@outlook.com,+98-926-452-7971,Karaj,2025-02-02
CUST-10058,Bahram Ghorbani,bahram.ghorbani314@yahoo.com,+98-917-223-4155,Shiraz,2026-04-19
CUST-10059,Shirin Sadeghi,shirin.sadeghi222@outlook.com,+98-925-383-9595,Tabriz,2025-11-03
CUST-10060,Leila Rahimi,leila.rahimi233@yahoo.com,+98-915-409-1231,Karaj,2025-02-19
CUST-10061,Reza Mohammadi,reza.mohammadi567@yahoo.com,+98-932-229-9042,Tehran,2026-08-07
CUST-10062,Setareh Nasseri,setareh.nasseri452@yahoo.com,+98-915-152-5136,Mashhad,2026-04-25
CUST-10063,Elham Nasseri,elham.nasseri76@outlook.com,+98-930-802-1878,Isfahan,2026-03-20
CUST-10064,Zahra Rezaei,zahra.rezaei255@gmail.com,+98-927-882-7818,Tabriz,2024-12-17
CUST-10065,Roya Farahani,roya.farahani390@yahoo.com,+98-939-553-5871,Tabriz,2025-06-06
CUST-10066,Meysam Mohammadi,meysam.mohammadi625@outlook.com,+98-913-881-4404,Karaj,2026-01-15
CUST-10067,Mohammad Moradi,mohammad.moradi246@gmail.com,+98-927-176-3564,Tehran,2025-06-27
CUST-10068,Meysam Nasseri,meysam.nasseri299@gmail.com,+98-917-395-5632,Karaj,2025-05-12
CUST-10069,Babak Ghorbani,babak.ghorbani807@outlook.com,+98-928-777-4241,Mashhad,2026-04-24
CUST-10070,Parisa Ghorbani,parisa.ghorbani847@gmail.com,+98-912-161-3718,Shiraz,2024-12-18
CUST-10071,Donya Rahimi,donya.rahimi450@gmail.com,+98-924-805-5982,Karaj,2025-07-03
CUST-10072,Azadeh Amini,azadeh.amini506@yahoo.com,+98-912-712-1653,Mashhad,2025-09-23
CUST-10073,Sara Rezaei,sara.rezaei235@outlook.com,+98-936-981-1339,Karaj,2025-11-17
CUST-10074,Shirin Nasseri,shirin.nasseri532@outlook.com,+98-924-384-3973,Tabriz,2025-05-30
CUST-10075,Setareh Rezaei,setareh.rezaei482@yahoo.com,+98-923-441-6260,Karaj,2026-05-04
CUST-10076,Mahsa Fallahi,mahsa.fallahi711@yahoo.com,+98-919-778-7561,Tabriz,2026-07-13
CUST-10077,Saeed Ghorbani,saeed.ghorbani332@gmail.com,+98-934-513-9431,Tehran,2024-10-15
CUST-10078,Golnaz Fallahi,golnaz.fallahi56@gmail.com,+98-926-470-9167,Karaj,2025-05-24
CUST-10079,Leila Ghorbani,leila.ghorbani563@gmail.com,+98-939-394-8178,Karaj,2025-04-10
CUST-10080,Meysam Ebrahimi,meysam.ebrahimi727@gmail.com,+98-919-664-1224,Tabriz,2025-06-28
CUST-10081,Hossein Zare,hossein.zare970@gmail.com,+98-930-952-3522,Mashhad,2025-10-25
CUST-10082,Fatemeh Fallahi,fatemeh.fallahi855@yahoo.com,+98-925-349-8483,Tabriz,2026-03-24
CUST-10083,Meysam Farahani,meysam.farahani765@gmail.com,+98-937-171-5526,Mashhad,2025-09-05
CUST-10084,Azadeh Ghorbani,azadeh.ghorbani841@gmail.com,+98-919-843-5891,Tabriz,2025-01-03
CUST-10085,Setareh Ahmadi,setareh.ahmadi458@outlook.com,+98-925-453-6446,Tabriz,2025-02-09
CUST-10086,Saeed Sadeghi,saeed.sadeghi715@gmail.com,+98-928-492-4826,Mashhad,2026-07-06
CUST-10087,Sina Tabrizi,sina.tabrizi936@yahoo.com,+98-922-779-3492,Mashhad,2026-07-13
CUST-10088,Iman Jafari,iman.jafari891@gmail.com,+98-937-965-8213,Tehran,2025-02-27
CUST-10089,Sara Ahmadi,sara.ahmadi420@outlook.com,+98-914-176-8692,Shiraz,2025-09-07
CUST-10090,Elham Isfahani,elham.isfahani83@yahoo.com,+98-937-790-9742,Mashhad,2025-09-29
CUST-10091,Setareh Amini,setareh.amini37@outlook.com,+98-912-340-5708,Isfahan,2026-05-19
CUST-10092,Hossein Isfahani,hossein.isfahani721@gmail.com,+98-924-270-5906,Tehran,2026-07-03
CUST-10093,Reza Rahimi,reza.rahimi368@yahoo.com,+98-923-249-5000,Tabriz,2025-06-24
CUST-10094,Shirin Moradi,shirin.moradi180@gmail.com,+98-929-991-7267,Tabriz,2024-09-19
CUST-10095,Iman Ahmadi,iman.ahmadi238@yahoo.com,+98-930-360-8529,Shiraz,2024-10-06
CUST-10096,Bahram Rahimi,bahram.rahimi694@outlook.com,+98-915-175-8237,Shiraz,2024-12-26
CUST-10097,Shahram Tabrizi,shahram.tabrizi257@yahoo.com,+98-937-409-4263,Mashhad,2025-04-12
CUST-10098,Peyman Bahrami,peyman.bahrami368@outlook.com,+98-919-816-5837,Tehran,2024-10-14
CUST-10099,Ali Bahrami,ali.bahrami886@outlook.com,+98-934-862-1803,Tabriz,2025-03-29
CUST-10100,Zahra Ebrahimi,zahra.ebrahimi622@yahoo.com,+98-917-751-4115,Tabriz,2025-12-06
CUST-10101,Parisa Isfahani,parisa.isfahani100@outlook.com,+98-930-140-6061,Mashhad,2026-07-16
CUST-10102,Parisa Rezaei,parisa.rezaei932@yahoo.com,+98-920-865-7807,Isfahan,2026-01-26
CUST-10103,Ehsan Salehi,ehsan.salehi544@outlook.com,+98-939-379-3695,Shiraz,2025-04-13
CUST-10104,Zahra Jafari,zahra.jafari824@gmail.com,+98-924-177-3306,Isfahan,2024-09-26
CUST-10105,Elham Amini,elham.amini375@gmail.com,+98-935-504-1228,Shiraz,2025-02-16
CUST-10106,Navid Shirazi,navid.shirazi767@outlook.com,+98-918-698-7242,Karaj,2025-08-04
CUST-10107,Babak Nasseri,babak.nasseri26@outlook.com,+98-938-674-6374,Tabriz,2026-01-05
CUST-10108,Golnaz Tabrizi,golnaz.tabrizi310@outlook.com,+98-923-219-3290,Tehran,2026-07-12
CUST-10109,Sina Karimi,sina.karimi100@gmail.com,+98-938-650-3222,Mashhad,2025-05-12
CUST-10110,Ehsan Fallahi,ehsan.fallahi602@outlook.com,+98-933-258-7797,Karaj,2026-05-10
CUST-10111,Sepideh Fallahi,sepideh.fallahi962@yahoo.com,+98-911-806-7070,Isfahan,2025-05-22
CUST-10112,Babak Salehi,babak.salehi102@outlook.com,+98-921-657-6876,Tehran,2025-07-08
CUST-10113,Hossein Zare,hossein.zare94@outlook.com,+98-916-757-1349,Tehran,2025-09-12
CUST-10114,Amir Bahrami,amir.bahrami211@gmail.com,+98-936-883-4394,Tabriz,2026-01-10
CUST-10115,Roya Jafari,roya.jafari793@gmail.com,+98-935-710-1046,Shiraz,2026-03-24
CUST-10116,Tara Ghorbani,tara.ghorbani818@gmail.com,+98-913-776-1422,Isfahan,2026-08-04
CUST-10117,Babak Bahrami,babak.bahrami332@gmail.com,+98-915-371-1858,Isfahan,2025-06-14
CUST-10118,Niloofar Nasseri,niloofar.nasseri460@yahoo.com,+98-926-707-2786,Mashhad,2025-03-22
CUST-10119,Meysam Mohammadi,meysam.mohammadi745@outlook.com,+98-926-408-8504,Karaj,2026-07-19
CUST-10120,Sina Kazemi,sina.kazemi437@outlook.com,+98-913-602-8267,Tehran,2026-05-29
CUST-10121,Amir Rezaei,amir.rezaei130@yahoo.com,+98-929-748-9984,Karaj,2025-09-21
CUST-10122,Meysam Farahani,meysam.farahani302@yahoo.com,+98-926-719-8048,Tehran,2024-08-31
CUST-10123,Ehsan Sadeghi,ehsan.sadeghi441@yahoo.com,+98-938-333-7779,Shiraz,2025-05-12
CUST-10124,Hossein Jafari,hossein.jafari438@yahoo.com,+98-931-361-7132,Isfahan,2024-09-15
CUST-10125,Niloofar Rezaei,niloofar.rezaei852@gmail.com,+98-912-542-2582,Karaj,2025-08-03
CUST-10126,Tara Mohammadi,tara.mohammadi601@outlook.com,+98-927-437-3002,Mashhad,2025-08-22
CUST-10127,Bahar Mohammadi,bahar.mohammadi992@yahoo.com,+98-929-419-6761,Tehran,2025-01-05
CUST-10128,Parisa Shirazi,parisa.shirazi494@gmail.com,+98-937-210-6736,Tabriz,2025-08-08
CUST-10129,Farhad Bahrami,farhad.bahrami232@yahoo.com,+98-937-674-1430,Tabriz,2024-10-15
CUST-10130,Fatemeh Hosseini,fatemeh.hosseini185@yahoo.com,+98-932-880-6062,Shiraz,2025-08-25
CUST-10131,Amir Bahrami,amir.bahrami674@yahoo.com,+98-912-245-1502,Tehran,2025-02-22
CUST-10132,Shahram Zare,shahram.zare350@gmail.com,+98-921-419-6314,Tabriz,2024-12-17
CUST-10133,Reza Ahmadi,reza.ahmadi162@outlook.com,+98-911-790-2336,Shiraz,2025-05-23
CUST-10134,Setareh Tehrani,setareh.tehrani453@yahoo.com,+98-918-320-9394,Tehran,2025-08-31
CUST-10135,Kian Shirazi,kian.shirazi695@outlook.com,+98-925-639-6053,Tehran,2026-01-06
CUST-10136,Meysam Mohammadi,meysam.mohammadi8@gmail.com,+98-919-316-3248,Shiraz,2025-10-27
CUST-10137,Ali Nasseri,ali.nasseri765@yahoo.com,+98-915-232-7229,Tabriz,2024-08-29
CUST-10138,Ehsan Shirazi,ehsan.shirazi826@yahoo.com,+98-912-506-1693,Mashhad,2026-07-31
CUST-10139,Mohammad Jafari,mohammad.jafari590@yahoo.com,+98-928-514-7843,Shiraz,2026-04-24
CUST-10140,Saeed Moradi,saeed.moradi821@outlook.com,+98-924-951-6928,Tehran,2025-05-29
CUST-10141,Roya Fallahi,roya.fallahi604@yahoo.com,+98-926-180-7484,Shiraz,2025-09-06
CUST-10142,Arash Rezaei,arash.rezaei523@outlook.com,+98-913-643-9355,Isfahan,2025-08-27
CUST-10143,Amir Ebrahimi,amir.ebrahimi106@gmail.com,+98-918-302-3842,Tabriz,2026-03-16
CUST-10144,Niloofar Moradi,niloofar.moradi975@outlook.com,+98-925-575-8354,Karaj,2025-01-18
CUST-10145,Sepideh Jafari,sepideh.jafari885@outlook.com,+98-920-254-8205,Tehran,2025-04-26
CUST-10146,Kian Ghorbani,kian.ghorbani606@gmail.com,+98-921-619-2215,Shiraz,2025-05-04
CUST-10147,Reza Salehi,reza.salehi852@yahoo.com,+98-912-760-2479,Tabriz,2024-12-19
CUST-10148,Golnaz Bahrami,golnaz.bahrami568@outlook.com,+98-938-142-8368,Tabriz,2024-10-21
CUST-10149,Meysam Nasseri,meysam.nasseri514@gmail.com,+98-911-561-2695,Shiraz,2026-05-25
CUST-10150,Shirin Mohammadi,shirin.mohammadi254@outlook.com,+98-924-549-9586,Tabriz,2024-12-03
CUST-10151,Navid Rahimi,navid.rahimi397@yahoo.com,+98-934-446-1857,Karaj,2024-10-26
CUST-10152,Saeed Karimi,saeed.karimi572@outlook.com,+98-922-390-5128,Karaj,2024-10-16
CUST-10153,Sepideh Ahmadi,sepideh.ahmadi342@gmail.com,+98-928-779-3317,Shiraz,2025-10-06
CUST-10154,Elham Ahmadi,elham.ahmadi610@outlook.com,+98-912-417-7171,Karaj,2025-09-17
CUST-10155,Azadeh Rezaei,azadeh.rezaei662@outlook.com,+98-923-620-6928,Tehran,2025-08-13
CUST-10156,Kaveh Jafari,kaveh.jafari971@yahoo.com,+98-916-331-3253,Isfahan,2026-06-01
CUST-10157,Hossein Farahani,hossein.farahani790@outlook.com,+98-936-856-9626,Tehran,2024-10-11
CUST-10158,Meysam Ahmadi,meysam.ahmadi612@yahoo.com,+98-914-266-3962,Karaj,2024-11-18
CUST-10159,Shirin Zare,shirin.zare45@yahoo.com,+98-921-792-4891,Mashhad,2024-12-02
CUST-10160,Bahram Ebrahimi,bahram.ebrahimi547@gmail.com,+98-919-928-8684,Isfahan,2025-08-08
CUST-10161,Donya Zare,donya.zare473@yahoo.com,+98-934-491-9239,Tabriz,2025-06-17
CUST-10162,Leila Tehrani,leila.tehrani142@yahoo.com,+98-911-756-8873,Shiraz,2025-01-29
CUST-10163,Azadeh Karimi,azadeh.karimi292@gmail.com,+98-934-264-5469,Mashhad,2025-03-12
CUST-10164,Shahram Rezaei,shahram.rezaei970@gmail.com,+98-936-561-6727,Tehran,2025-06-21
CUST-10165,Pouya Salehi,pouya.salehi242@yahoo.com,+98-912-483-4678,Tehran,2025-09-27
CUST-10166,Mahsa Ahmadi,mahsa.ahmadi141@gmail.com,+98-919-949-8740,Karaj,2026-03-30
CUST-10167,Setareh Zare,setareh.zare631@gmail.com,+98-938-181-1311,Shiraz,2026-01-11
CUST-10168,Tara Tehrani,tara.tehrani541@yahoo.com,+98-913-894-5720,Isfahan,2025-10-15
CUST-10169,Babak Fallahi,babak.fallahi655@outlook.com,+98-924-164-2816,Mashhad,2024-12-16
CUST-10170,Azadeh Bahrami,azadeh.bahrami248@outlook.com,+98-914-398-8032,Tehran,2024-11-28
CUST-10171,Iman Fallahi,iman.fallahi192@outlook.com,+98-931-187-9576,Shiraz,2026-06-11
CUST-10172,Tara Farahani,tara.farahani806@outlook.com,+98-927-120-7397,Mashhad,2026-07-06
CUST-10173,Nazanin Ghorbani,nazanin.ghorbani766@gmail.com,+98-921-907-2106,Shiraz,2025-12-16
CUST-10174,Yasaman Bahrami,yasaman.bahrami753@yahoo.com,+98-914-145-6772,Tabriz,2025-09-07
CUST-10175,Shirin Shirazi,shirin.shirazi476@outlook.com,+98-925-746-3986,Isfahan,2026-06-16
CUST-10176,Golnaz Mohammadi,golnaz.mohammadi301@gmail.com,+98-911-910-4268,Tehran,2025-09-30
CUST-10177,Azadeh Kazemi,azadeh.kazemi835@outlook.com,+98-925-359-1599,Karaj,2026-02-05
CUST-10178,Reza Isfahani,reza.isfahani340@yahoo.com,+98-913-918-7029,Mashhad,2025-07-06
CUST-10179,Elham Jafari,elham.jafari998@gmail.com,+98-925-808-9151,Shiraz,2025-03-06
CUST-10180,Mohammad Fallahi,mohammad.fallahi81@yahoo.com,+98-929-942-3956,Tabriz,2025-10-23
CUST-10181,Mohammad Jafari,mohammad.jafari677@yahoo.com,+98-919-556-7981,Isfahan,2024-09-12
CUST-10182,Bahram Mohammadi,bahram.mohammadi745@yahoo.com,+98-929-545-5498,Karaj,2026-06-22
CUST-10183,Peyman Salehi,peyman.salehi526@outlook.com,+98-931-263-1510,Isfahan,2024-12-05
CUST-10184,Golnaz Mohammadi,golnaz.mohammadi130@gmail.com,+98-917-897-7001,Shiraz,2025-07-23
CUST-10185,Maryam Tehrani,maryam.tehrani158@outlook.com,+98-924-479-7095,Mashhad,2026-06-02
CUST-10186,Azadeh Salehi,azadeh.salehi408@yahoo.com,+98-930-385-5089,Tehran,2026-07-24
CUST-10187,Setareh Farahani,setareh.farahani397@outlook.com,+98-913-368-5264,Karaj,2025-05-20
CUST-10188,Meysam Rahimi,meysam.rahimi711@yahoo.com,+98-916-225-3223,Tehran,2025-05-14
CUST-10189,Bahram Rezaei,bahram.rezaei830@outlook.com,+98-937-427-6692,Karaj,2026-06-14
CUST-10190,Zahra Rahimi,zahra.rahimi872@gmail.com,+98-932-826-3852,Shiraz,2025-03-17
CUST-10191,Kaveh Ahmadi,kaveh.ahmadi243@yahoo.com,+98-910-469-7044,Mashhad,2025-02-01
CUST-10192,Mohammad Rezaei,mohammad.rezaei317@yahoo.com,+98-932-836-8842,Tabriz,2025-06-25
CUST-10193,Donya Rezaei,donya.rezaei129@yahoo.com,+98-930-175-8372,Mashhad,2024-09-22
CUST-10194,Parisa Amini,parisa.amini656@outlook.com,+98-915-886-3114,Mashhad,2025-03-23
CUST-10195,Maryam Karimi,maryam.karimi531@gmail.com,+98-919-268-3653,Shiraz,2024-08-23
CUST-10196,Pouya Rahimi,pouya.rahimi867@gmail.com,+98-918-301-5496,Isfahan,2024-11-17
CUST-10197,Ehsan Rezaei,ehsan.rezaei515@outlook.com,+98-915-706-3526,Isfahan,2024-10-14
CUST-10198,Sepideh Jafari,sepideh.jafari863@outlook.com,+98-911-945-1464,Tehran,2026-07-04
CUST-10199,Donya Ghorbani,donya.ghorbani667@gmail.com,+98-934-685-7825,Tabriz,2024-11-03
CUST-10200,Ehsan Rahimi,ehsan.rahimi658@yahoo.com,+98-925-350-7653,Shiraz,2025-05-12
CUST-10201,Reza Moradi,reza.moradi451@yahoo.com,+98-925-575-4342,Shiraz,2024-12-06
CUST-10202,Saeed Salehi,saeed.salehi999@yahoo.com,+98-914-878-7070,Tabriz,2025-01-21
CUST-10203,Babak Zare,babak.zare126@yahoo.com,+98-924-353-3308,Tehran,2026-06-29
CUST-10204,Peyman Tehrani,peyman.tehrani429@gmail.com,+98-937-263-6364,Tabriz,2025-10-03
CUST-10205,Arash Nasseri,arash.nasseri528@yahoo.com,+98-925-415-9148,Tehran,2026-05-19
CUST-10206,Azadeh Zare,azadeh.zare990@gmail.com,+98-916-697-6781,Tehran,2026-06-29
CUST-10207,Meysam Isfahani,meysam.isfahani689@yahoo.com,+98-919-649-1133,Tehran,2025-06-04
CUST-10208,Farhad Salehi,farhad.salehi783@yahoo.com,+98-921-146-7563,Tehran,2025-01-13
CUST-10209,Nazanin Amini,nazanin.amini296@gmail.com,+98-922-616-8378,Tabriz,2025-11-06
CUST-10210,Sepideh Shirazi,sepideh.shirazi626@gmail.com,+98-914-199-7453,Shiraz,2025-09-06
CUST-10211,Nazanin Ahmadi,nazanin.ahmadi204@outlook.com,+98-926-511-9193,Tehran,2026-07-04
CUST-10212,Saeed Nasseri,saeed.nasseri532@yahoo.com,+98-914-720-9446,Isfahan,2025-09-18
CUST-10213,Mahsa Moradi,mahsa.moradi403@outlook.com,+98-933-962-5902,Tabriz,2025-09-09
CUST-10214,Azadeh Amini,azadeh.amini502@outlook.com,+98-928-406-8780,Tehran,2025-08-07
CUST-10215,Hossein Fallahi,hossein.fallahi598@yahoo.com,+98-935-842-1436,Tabriz,2025-04-21
CUST-10216,Iman Bahrami,iman.bahrami234@outlook.com,+98-911-697-8871,Isfahan,2025-03-01
CUST-10217,Sepideh Kazemi,sepideh.kazemi152@outlook.com,+98-917-132-2800,Isfahan,2026-07-31
CUST-10218,Shahram Ahmadi,shahram.ahmadi423@outlook.com,+98-916-520-9221,Tabriz,2025-04-24
CUST-10219,Maryam Tabrizi,maryam.tabrizi142@outlook.com,+98-916-674-6325,Karaj,2025-04-17
CUST-10220,Mahsa Moradi,mahsa.moradi471@outlook.com,+98-920-659-6804,Karaj,2024-09-21
CUST-10221,Fatemeh Tehrani,fatemeh.tehrani496@gmail.com,+98-917-385-5890,Isfahan,2025-10-19
CUST-10222,Leila Tabrizi,leila.tabrizi722@yahoo.com,+98-920-591-6714,Tabriz,2025-11-12
CUST-10223,Iman Shirazi,iman.shirazi557@yahoo.com,+98-938-504-6654,Isfahan,2025-10-26
CUST-10224,Mohammad Salehi,mohammad.salehi947@yahoo.com,+98-930-362-8849,Isfahan,2026-01-25
CUST-10225,Fatemeh Amini,fatemeh.amini713@yahoo.com,+98-914-211-4920,Isfahan,2026-06-29
CUST-10226,Azadeh Ebrahimi,azadeh.ebrahimi654@gmail.com,+98-911-202-7771,Shiraz,2025-04-23
CUST-10227,Amir Hosseini,amir.hosseini988@outlook.com,+98-939-261-7666,Karaj,2025-04-19
CUST-10228,Kaveh Rahimi,kaveh.rahimi329@yahoo.com,+98-930-160-2465,Karaj,2025-01-09
CUST-10229,Reza Moradi,reza.moradi428@gmail.com,+98-939-137-7504,Mashhad,2026-02-10
CUST-10230,Zahra Mohammadi,zahra.mohammadi10@yahoo.com,+98-928-717-2758,Shiraz,2025-11-01
CUST-10231,Ehsan Farahani,ehsan.farahani506@gmail.com,+98-937-616-8668,Shiraz,2026-02-03
CUST-10232,Mahsa Moradi,mahsa.moradi749@yahoo.com,+98-930-363-4050,Tehran,2025-09-08
CUST-10233,Donya Shirazi,donya.shirazi776@gmail.com,+98-915-725-7643,Mashhad,2025-03-10
CUST-10234,Peyman Shirazi,peyman.shirazi98@gmail.com,+98-914-588-6301,Isfahan,2026-08-13
CUST-10235,Babak Zare,babak.zare772@yahoo.com,+98-920-409-1187,Shiraz,2024-10-19
CUST-10236,Babak Mohammadi,babak.mohammadi684@gmail.com,+98-924-414-3616,Mashhad,2024-09-16
CUST-10237,Zahra Tabrizi,zahra.tabrizi121@outlook.com,+98-939-402-7021,Tabriz,2026-01-05
CUST-10238,Amir Nasseri,amir.nasseri157@yahoo.com,+98-933-720-7121,Mashhad,2024-08-31
CUST-10239,Setareh Amini,setareh.amini822@outlook.com,+98-936-323-5054,Karaj,2024-12-17
CUST-10240,Niloofar Farahani,niloofar.farahani458@outlook.com,+98-932-470-2279,Tabriz,2026-04-27
CUST-10241,Ehsan Farahani,ehsan.farahani208@outlook.com,+98-927-253-3695,Shiraz,2025-03-05
CUST-10242,Kaveh Tabrizi,kaveh.tabrizi598@yahoo.com,+98-912-622-8298,Tehran,2025-05-12
CUST-10243,Shahram Zare,shahram.zare578@gmail.com,+98-927-573-6049,Karaj,2026-07-28
CUST-10244,Ali Sadeghi,ali.sadeghi593@gmail.com,+98-911-533-6644,Karaj,2026-06-15
CUST-10245,Maryam Rezaei,maryam.rezaei957@yahoo.com,+98-911-393-7698,Isfahan,2026-04-03
CUST-10246,Bahar Salehi,bahar.salehi913@yahoo.com,+98-924-990-7184,Mashhad,2026-05-29
CUST-10247,Tara Ahmadi,tara.ahmadi670@yahoo.com,+98-913-282-9802,Mashhad,2025-02-24
CUST-10248,Babak Hosseini,babak.hosseini775@gmail.com,+98-919-574-9920,Mashhad,2025-02-21
CUST-10249,Babak Ebrahimi,babak.ebrahimi472@yahoo.com,+98-914-382-4088,Karaj,2026-04-26
CUST-10250,Shahram Tehrani,shahram.tehrani785@gmail.com,+98-917-311-2102,Tehran,2024-12-19
CUST-10251,Meysam Shirazi,meysam.shirazi721@gmail.com,+98-917-858-1724,Mashhad,2025-05-27
CUST-10252,Kaveh Mohammadi,kaveh.mohammadi144@outlook.com,+98-919-339-6224,Tabriz,2024-12-15
CUST-10253,Mahsa Ebrahimi,mahsa.ebrahimi310@gmail.com,+98-931-633-4621,Mashhad,2025-10-16
CUST-10254,Ehsan Bahrami,ehsan.bahrami901@outlook.com,+98-939-279-7999,Tabriz,2025-03-30
CUST-10255,Navid Isfahani,navid.isfahani688@yahoo.com,+98-935-637-6222,Karaj,2025-06-19
CUST-10256,Kian Kazemi,kian.kazemi189@outlook.com,+98-925-346-4692,Shiraz,2024-08-25
CUST-10257,Bahram Mohammadi,bahram.mohammadi576@yahoo.com,+98-923-670-9683,Isfahan,2025-07-18
CUST-10258,Kaveh Jafari,kaveh.jafari663@gmail.com,+98-939-560-7079,Tehran,2025-02-17
CUST-10259,Leila Mohammadi,leila.mohammadi275@yahoo.com,+98-931-719-1647,Tehran,2026-02-08
CUST-10260,Donya Shirazi,donya.shirazi573@gmail.com,+98-925-313-6455,Shiraz,2026-08-04
CUST-10261,Kaveh Karimi,kaveh.karimi765@yahoo.com,+98-939-348-4350,Mashhad,2025-12-17
CUST-10262,Zahra Kazemi,zahra.kazemi478@outlook.com,+98-930-467-6053,Shiraz,2025-08-16
CUST-10263,Setareh Zare,setareh.zare101@outlook.com,+98-925-879-6246,Isfahan,2025-08-05
CUST-10264,Reza Bahrami,reza.bahrami885@gmail.com,+98-933-249-1265,Shiraz,2025-01-30
CUST-10265,Donya Fallahi,donya.fallahi303@gmail.com,+98-916-437-4768,Mashhad,2025-01-13
CUST-10266,Setareh Amini,setareh.amini671@outlook.com,+98-920-363-9005,Karaj,2024-10-31
CUST-10267,Golnaz Moradi,golnaz.moradi751@yahoo.com,+98-915-243-9954,Mashhad,2026-02-12
CUST-10268,Tara Isfahani,tara.isfahani981@gmail.com,+98-926-134-2217,Karaj,2026-07-01
CUST-10269,Bahar Ahmadi,bahar.ahmadi863@outlook.com,+98-917-169-3474,Tehran,2026-01-08
CUST-10270,Nazanin Mohammadi,nazanin.mohammadi633@outlook.com,+98-931-731-8916,Karaj,2025-04-07
CUST-10271,Ehsan Amini,ehsan.amini422@gmail.com,+98-910-642-5501,Tabriz,2025-10-30
CUST-10272,Shahram Moradi,shahram.moradi110@gmail.com,+98-926-252-4948,Isfahan,2024-11-23
CUST-10273,Nazanin Ghorbani,nazanin.ghorbani815@yahoo.com,+98-912-482-7652,Mashhad,2025-01-18
CUST-10274,Babak Rahimi,babak.rahimi701@gmail.com,+98-930-978-1519,Tehran,2025-06-30
CUST-10275,Ehsan Nasseri,ehsan.nasseri58@outlook.com,+98-910-819-3807,Tehran,2025-03-26
CUST-10276,Mahsa Bahrami,mahsa.bahrami879@gmail.com,+98-938-640-1697,Isfahan,2026-01-15
CUST-10277,Donya Nasseri,donya.nasseri278@gmail.com,+98-939-176-5593,Tabriz,2025-01-19
CUST-10278,Shirin Jafari,shirin.jafari17@gmail.com,+98-928-247-7525,Tehran,2025-10-17
CUST-10279,Babak Bahrami,babak.bahrami855@yahoo.com,+98-931-653-6435,Mashhad,2026-03-29
CUST-10280,Niloofar Farahani,niloofar.farahani764@yahoo.com,+98-911-200-8161,Isfahan,2026-06-03
CUST-10281,Meysam Tehrani,meysam.tehrani407@yahoo.com,+98-910-749-5478,Mashhad,2025-04-04
CUST-10282,Ehsan Kazemi,ehsan.kazemi443@gmail.com,+98-931-699-7227,Tehran,2024-11-24
CUST-10283,Babak Tabrizi,babak.tabrizi76@gmail.com,+98-918-257-7225,Karaj,2024-11-08
CUST-10284,Peyman Jafari,peyman.jafari370@gmail.com,+98-912-105-6050,Mashhad,2025-08-16
CUST-10285,Yasaman Ahmadi,yasaman.ahmadi90@gmail.com,+98-923-559-9395,Mashhad,2026-05-06
CUST-10286,Navid Amini,navid.amini96@outlook.com,+98-929-903-6315,Mashhad,2026-08-07
CUST-10287,Peyman Rezaei,peyman.rezaei743@outlook.com,+98-938-348-9537,Isfahan,2024-09-17
CUST-10288,Amir Ghorbani,amir.ghorbani309@yahoo.com,+98-925-249-2036,Isfahan,2025-05-31
CUST-10289,Kian Nasseri,kian.nasseri802@gmail.com,+98-921-357-5040,Karaj,2024-11-17
CUST-10290,Meysam Sadeghi,meysam.sadeghi469@gmail.com,+98-914-411-1110,Mashhad,2025-09-13
CUST-10291,Elham Jafari,elham.jafari451@yahoo.com,+98-923-935-3230,Shiraz,2025-09-25
CUST-10292,Leila Nasseri,leila.nasseri322@gmail.com,+98-922-426-5775,Karaj,2024-09-07
CUST-10293,Donya Ebrahimi,donya.ebrahimi334@yahoo.com,+98-918-936-7437,Shiraz,2026-04-25
CUST-10294,Leila Bahrami,leila.bahrami559@gmail.com,+98-931-886-1440,Karaj,2025-05-04
CUST-10295,Leila Zare,leila.zare817@yahoo.com,+98-936-809-2133,Mashhad,2024-09-29
CUST-10296,Kian Ebrahimi,kian.ebrahimi259@outlook.com,+98-914-832-7932,Mashhad,2026-06-05
CUST-10297,Meysam Nasseri,meysam.nasseri597@yahoo.com,+98-927-618-7853,Tabriz,2026-07-13
CUST-10298,Nazanin Tabrizi,nazanin.tabrizi917@outlook.com,+98-929-753-2392,Tehran,2025-12-08
CUST-10299,Nazanin Moradi,nazanin.moradi663@outlook.com,+98-911-676-7547,Shiraz,2025-06-05
CUST-10300,Hossein Ghorbani,hossein.ghorbani228@outlook.com,+98-933-631-4621,Mashhad,2025-08-01
CUST-10301,Iman Tabrizi,iman.tabrizi513@gmail.com,+98-921-125-8909,Tehran,2025-10-21
CUST-10302,Mohammad Karimi,mohammad.karimi852@outlook.com,+98-914-456-6110,Shiraz,2025-05-10
CUST-10303,Azadeh Nasseri,azadeh.nasseri357@yahoo.com,+98-913-548-8412,Shiraz,2026-06-12
CUST-10304,Hossein Hosseini,hossein.hosseini870@yahoo.com,+98-930-211-3692,Karaj,2025-12-13
CUST-10305,Tara Moradi,tara.moradi339@outlook.com,+98-923-573-4798,Mashhad,2024-11-13
CUST-10306,Shahram Kazemi,shahram.kazemi30@outlook.com,+98-929-302-8365,Tabriz,2025-06-06
CUST-10307,Kaveh Sadeghi,kaveh.sadeghi286@outlook.com,+98-935-915-2025,Tabriz,2026-05-07
CUST-10308,Tara Moradi,tara.moradi375@yahoo.com,+98-916-568-2867,Shiraz,2024-10-02
CUST-10309,Azadeh Isfahani,azadeh.isfahani321@outlook.com,+98-922-725-7431,Tabriz,2026-04-25
CUST-10310,Bahram Tehrani,bahram.tehrani177@outlook.com,+98-932-919-5873,Tabriz,2024-12-23
CUST-10311,Amir Jafari,amir.jafari121@gmail.com,+98-919-219-3999,Shiraz,2024-09-08
CUST-10312,Peyman Fallahi,peyman.fallahi611@gmail.com,+98-928-492-7931,Isfahan,2025-04-08
CUST-10313,Shirin Amini,shirin.amini171@yahoo.com,+98-919-243-4065,Shiraz,2025-05-15
CUST-10314,Nazanin Hosseini,nazanin.hosseini497@gmail.com,+98-916-934-7290,Tabriz,2025-03-20
CUST-10315,Bahar Shirazi,bahar.shirazi504@yahoo.com,+98-932-960-8272,Mashhad,2026-03-01
CUST-10316,Ali Ebrahimi,ali.ebrahimi300@gmail.com,+98-918-330-9808,Shiraz,2026-02-28
CUST-10317,Donya Nasseri,donya.nasseri563@outlook.com,+98-913-686-2871,Shiraz,2025-02-09
CUST-10318,Nazanin Amini,nazanin.amini843@gmail.com,+98-934-836-8231,Tabriz,2026-01-08
CUST-10319,Yasaman Isfahani,yasaman.isfahani770@gmail.com,+98-919-995-1528,Mashhad,2025-11-23
CUST-10320,Mohammad Zare,mohammad.zare887@gmail.com,+98-934-931-4882,Isfahan,2024-12-25
CUST-10321,Sepideh Isfahani,sepideh.isfahani439@gmail.com,+98-929-242-4385,Isfahan,2026-06-20
CUST-10322,Tara Ghorbani,tara.ghorbani612@outlook.com,+98-915-431-5794,Shiraz,2025-01-10
CUST-10323,Pouya Shirazi,pouya.shirazi835@gmail.com,+98-914-868-7743,Tehran,2025-11-09
CUST-10324,Parisa Tabrizi,parisa.tabrizi887@gmail.com,+98-917-249-6277,Isfahan,2024-09-26
CUST-10325,Amir Bahrami,amir.bahrami648@yahoo.com,+98-930-524-7146,Mashhad,2026-06-03
CUST-10326,Niloofar Kazemi,niloofar.kazemi528@outlook.com,+98-918-811-7046,Mashhad,2025-04-07
CUST-10327,Ali Rezaei,ali.rezaei749@yahoo.com,+98-930-780-6869,Tehran,2025-02-18
CUST-10328,Shahram Sadeghi,shahram.sadeghi507@yahoo.com,+98-920-948-5646,Shiraz,2025-02-05
CUST-10329,Donya Nasseri,donya.nasseri808@yahoo.com,+98-938-798-1793,Tehran,2026-05-10
CUST-10330,Golnaz Hosseini,golnaz.hosseini128@gmail.com,+98-924-567-1011,Mashhad,2026-01-24
CUST-10331,Parisa Isfahani,parisa.isfahani310@gmail.com,+98-937-997-5489,Tehran,2024-10-18
CUST-10332,Mohammad Salehi,mohammad.salehi681@outlook.com,+98-915-153-7493,Karaj,2025-10-11
CUST-10333,Roya Fallahi,roya.fallahi672@gmail.com,+98-932-197-1017,Isfahan,2025-04-18
CUST-10334,Iman Ebrahimi,iman.ebrahimi532@outlook.com,+98-924-109-1132,Karaj,2025-09-02
CUST-10335,Bahar Tabrizi,bahar.tabrizi136@yahoo.com,+98-912-334-7276,Tehran,2026-05-07
CUST-10336,Navid Rahimi,navid.rahimi141@yahoo.com,+98-934-932-3181,Karaj,2024-09-25
CUST-10337,Pouya Bahrami,pouya.bahrami9@outlook.com,+98-930-268-8210,Shiraz,2026-01-13
CUST-10338,Parisa Fallahi,parisa.fallahi631@outlook.com,+98-924-980-4559,Tehran,2026-05-09
CUST-10339,Hossein Bahrami,hossein.bahrami748@yahoo.com,+98-921-539-6152,Isfahan,2025-12-09
CUST-10340,Mohammad Ebrahimi,mohammad.ebrahimi567@outlook.com,+98-929-838-5668,Karaj,2026-07-23
CUST-10341,Zahra Sadeghi,zahra.sadeghi531@outlook.com,+98-926-293-7418,Shiraz,2024-10-27
CUST-10342,Babak Nasseri,babak.nasseri396@gmail.com,+98-917-611-2163,Tabriz,2026-08-07
CUST-10343,Mahsa Ahmadi,mahsa.ahmadi397@outlook.com,+98-923-474-9951,Karaj,2026-02-24
CUST-10344,Niloofar Hosseini,niloofar.hosseini602@gmail.com,+98-910-368-4534,Tehran,2026-06-19
CUST-10345,Elham Farahani,elham.farahani294@outlook.com,+98-932-613-7806,Mashhad,2024-08-31
CUST-10346,Ehsan Amini,ehsan.amini631@gmail.com,+98-918-185-6077,Tehran,2025-03-14
CUST-10347,Parisa Amini,parisa.amini335@yahoo.com,+98-928-749-2083,Shiraz,2024-09-03
CUST-10348,Babak Mohammadi,babak.mohammadi251@gmail.com,+98-939-544-2900,Mashhad,2024-12-01
CUST-10349,Zahra Shirazi,zahra.shirazi760@outlook.com,+98-933-279-2956,Tehran,2024-08-25
CUST-10350,Ali Moradi,ali.moradi509@yahoo.com,+98-926-629-5247,Isfahan,2025-08-04
CUST-10351,Farhad Karimi,farhad.karimi790@gmail.com,+98-920-926-8034,Shiraz,2025-03-01
CUST-10352,Iman Isfahani,iman.isfahani79@yahoo.com,+98-924-623-6900,Tehran,2025-03-26
CUST-10353,Shirin Salehi,shirin.salehi162@yahoo.com,+98-934-205-2889,Isfahan,2025-03-16
CUST-10354,Ali Ebrahimi,ali.ebrahimi48@yahoo.com,+98-921-492-3458,Isfahan,2026-07-14
CUST-10355,Bahar Ebrahimi,bahar.ebrahimi330@gmail.com,+98-923-837-6241,Shiraz,2026-06-01
CUST-10356,Yasaman Farahani,yasaman.farahani690@gmail.com,+98-915-328-9450,Tehran,2025-07-05
CUST-10357,Bahram Rahimi,bahram.rahimi793@yahoo.com,+98-920-188-8483,Tehran,2025-08-07
CUST-10358,Iman Rahimi,iman.rahimi758@outlook.com,+98-917-575-7033,Tabriz,2025-04-01
CUST-10359,Leila Amini,leila.amini779@gmail.com,+98-914-106-7718,Tehran,2025-12-24
CUST-10360,Sara Jafari,sara.jafari2@outlook.com,+98-922-969-6038,Tehran,2026-01-21
CUST-10361,Roya Fallahi,roya.fallahi504@gmail.com,+98-914-828-5584,Tehran,2026-07-06
CUST-10362,Azadeh Fallahi,azadeh.fallahi718@yahoo.com,+98-924-865-2391,Tabriz,2026-05-14
CUST-10363,Elham Rezaei,elham.rezaei607@outlook.com,+98-911-545-3141,Isfahan,2025-10-25
CUST-10364,Saeed Kazemi,saeed.kazemi718@outlook.com,+98-920-425-8417,Shiraz,2025-12-23
CUST-10365,Kaveh Ahmadi,kaveh.ahmadi799@outlook.com,+98-913-259-2731,Isfahan,2025-05-16
CUST-10366,Shahram Karimi,shahram.karimi549@yahoo.com,+98-934-312-8404,Shiraz,2025-05-02
CUST-10367,Hossein Rezaei,hossein.rezaei162@outlook.com,+98-919-946-1660,Isfahan,2025-09-18
CUST-10368,Babak Salehi,babak.salehi406@outlook.com,+98-911-793-5896,Shiraz,2026-02-22
CUST-10369,Peyman Zare,peyman.zare570@outlook.com,+98-927-355-2551,Mashhad,2026-05-07
CUST-10370,Parisa Karimi,parisa.karimi13@gmail.com,+98-936-899-4641,Isfahan,2026-01-29
CUST-10371,Nazanin Shirazi,nazanin.shirazi646@outlook.com,+98-912-696-5240,Tehran,2026-07-28
CUST-10372,Leila Isfahani,leila.isfahani455@gmail.com,+98-912-967-6432,Tehran,2026-07-07
CUST-10373,Maryam Moradi,maryam.moradi947@outlook.com,+98-923-941-7471,Mashhad,2026-07-20
CUST-10374,Shahram Moradi,shahram.moradi363@gmail.com,+98-939-291-5505,Shiraz,2025-05-20
CUST-10375,Maryam Tehrani,maryam.tehrani635@outlook.com,+98-917-762-5835,Mashhad,2025-06-24
CUST-10376,Setareh Mohammadi,setareh.mohammadi90@yahoo.com,+98-922-240-7868,Isfahan,2024-10-30
CUST-10377,Azadeh Ebrahimi,azadeh.ebrahimi646@outlook.com,+98-935-119-7266,Karaj,2025-08-17
CUST-10378,Sina Salehi,sina.salehi935@outlook.com,+98-926-429-7363,Shiraz,2026-02-16
CUST-10379,Meysam Ebrahimi,meysam.ebrahimi31@yahoo.com,+98-911-928-8728,Tabriz,2025-08-18
CUST-10380,Roya Moradi,roya.moradi103@gmail.com,+98-931-346-5366,Tabriz,2026-06-23
CUST-10381,Roya Bahrami,roya.bahrami867@yahoo.com,+98-921-959-3846,Isfahan,2025-12-20
CUST-10382,Nazanin Bahrami,nazanin.bahrami29@outlook.com,+98-932-460-3328,Tabriz,2026-02-08
CUST-10383,Setareh Amini,setareh.amini317@gmail.com,+98-925-138-2478,Tehran,2025-12-24
CUST-10384,Sara Farahani,sara.farahani490@gmail.com,+98-920-728-4300,Isfahan,2025-09-05
CUST-10385,Mahsa Mohammadi,mahsa.mohammadi23@gmail.com,+98-928-821-3320,Tehran,2025-02-27
CUST-10386,Niloofar Salehi,niloofar.salehi722@outlook.com,+98-922-700-2655,Shiraz,2025-10-14
CUST-10387,Arash Fallahi,arash.fallahi811@outlook.com,+98-925-764-6198,Isfahan,2024-08-25
CUST-10388,Sepideh Salehi,sepideh.salehi229@outlook.com,+98-928-934-3872,Mashhad,2025-10-09
CUST-10389,Zahra Ahmadi,zahra.ahmadi182@outlook.com,+98-910-818-7415,Tabriz,2026-07-17
CUST-10390,Saeed Tehrani,saeed.tehrani227@outlook.com,+98-928-206-9129,Isfahan,2025-09-14
CUST-10391,Roya Salehi,roya.salehi328@gmail.com,+98-930-190-6500,Mashhad,2026-08-08
CUST-10392,Babak Tabrizi,babak.tabrizi70@yahoo.com,+98-918-905-2770,Karaj,2026-08-18
CUST-10393,Bahram Fallahi,bahram.fallahi993@gmail.com,+98-938-523-9078,Mashhad,2025-08-25
CUST-10394,Yasaman Nasseri,yasaman.nasseri808@outlook.com,+98-930-876-4695,Isfahan,2025-05-14
CUST-10395,Reza Rahimi,reza.rahimi21@yahoo.com,+98-918-207-2215,Shiraz,2026-02-26
CUST-10396,Shirin Rezaei,shirin.rezaei561@gmail.com,+98-920-708-8909,Karaj,2026-07-19
CUST-10397,Arash Tehrani,arash.tehrani912@yahoo.com,+98-915-154-2659,Shiraz,2026-01-21
CUST-10398,Bahar Tabrizi,bahar.tabrizi568@outlook.com,+98-939-847-9849,Shiraz,2024-10-12
CUST-10399,Babak Karimi,babak.karimi51@yahoo.com,+98-928-662-9043,Isfahan,2026-06-25
CUST-10400,Shahram Rezaei,shahram.rezaei302@outlook.com,+98-930-714-8869,Isfahan,2026-05-12
CUST-10401,Arash Isfahani,arash.isfahani299@gmail.com,+98-925-964-2892,Shiraz,2025-07-08
CUST-10402,Farhad Rezaei,farhad.rezaei658@outlook.com,+98-922-289-7078,Mashhad,2025-08-06
CUST-10403,Reza Ghorbani,reza.ghorbani451@yahoo.com,+98-918-331-5400,Tabriz,2026-06-17
CUST-10404,Hossein Rezaei,hossein.rezaei685@yahoo.com,+98-935-654-7782,Tabriz,2025-12-30
CUST-10405,Elham Farahani,elham.farahani429@outlook.com,+98-931-987-8779,Tabriz,2025-12-21
CUST-10406,Mohammad Kazemi,mohammad.kazemi925@outlook.com,+98-911-614-9467,Tabriz,2024-09-25
CUST-10407,Parisa Karimi,parisa.karimi973@yahoo.com,+98-915-271-4471,Isfahan,2026-04-12
CUST-10408,Mohammad Shirazi,mohammad.shirazi446@gmail.com,+98-936-742-3422,Tabriz,2025-11-28
CUST-10409,Mohammad Rezaei,mohammad.rezaei398@outlook.com,+98-922-665-6343,Shiraz,2025-03-05
CUST-10410,Ali Tabrizi,ali.tabrizi639@outlook.com,+98-926-900-7874,Tehran,2025-06-21
CUST-10411,Iman Bahrami,iman.bahrami597@gmail.com,+98-939-208-2654,Shiraz,2025-02-17
CUST-10412,Bahar Ghorbani,bahar.ghorbani393@outlook.com,+98-925-685-8750,Tehran,2026-02-24
CUST-10413,Amir Tehrani,amir.tehrani624@outlook.com,+98-932-511-1635,Mashhad,2025-09-14
CUST-10414,Maryam Nasseri,maryam.nasseri943@yahoo.com,+98-938-481-1331,Shiraz,2025-10-13
CUST-10415,Sina Tabrizi,sina.tabrizi702@gmail.com,+98-937-333-3201,Shiraz,2025-05-23
CUST-10416,Mahsa Ghorbani,mahsa.ghorbani747@yahoo.com,+98-929-761-2462,Isfahan,2025-05-24
CUST-10417,Shahram Nasseri,shahram.nasseri778@outlook.com,+98-937-482-1920,Tabriz,2026-03-10
CUST-10418,Pouya Kazemi,pouya.kazemi139@outlook.com,+98-938-682-1474,Isfahan,2026-02-03
CUST-10419,Leila Mohammadi,leila.mohammadi256@gmail.com,+98-924-151-6904,Karaj,2026-01-28
CUST-10420,Bahram Farahani,bahram.farahani407@outlook.com,+98-939-226-1500,Isfahan,2025-08-03
CUST-10421,Bahram Moradi,bahram.moradi984@yahoo.com,+98-928-664-6730,Shiraz,2026-03-05
CUST-10422,Fatemeh Tabrizi,fatemeh.tabrizi93@yahoo.com,+98-910-495-1813,Isfahan,2025-01-11
CUST-10423,Leila Ebrahimi,leila.ebrahimi663@gmail.com,+98-931-311-5408,Karaj,2025-06-26
CUST-10424,Sara Nasseri,sara.nasseri934@gmail.com,+98-930-277-1138,Isfahan,2025-12-04
CUST-10425,Zahra Tabrizi,zahra.tabrizi991@outlook.com,+98-930-381-7943,Mashhad,2025-08-27
CUST-10426,Kaveh Zare,kaveh.zare310@outlook.com,+98-926-944-7506,Tabriz,2026-05-07
CUST-10427,Navid Amini,navid.amini663@outlook.com,+98-929-389-5890,Karaj,2026-05-01
CUST-10428,Saeed Ghorbani,saeed.ghorbani656@yahoo.com,+98-937-383-5278,Karaj,2024-08-21
CUST-10429,Zahra Sadeghi,zahra.sadeghi154@outlook.com,+98-934-346-1930,Tabriz,2025-07-02
CUST-10430,Parisa Hosseini,parisa.hosseini672@yahoo.com,+98-919-365-7857,Mashhad,2025-07-18
CUST-10431,Donya Tabrizi,donya.tabrizi586@gmail.com,+98-920-843-4643,Karaj,2025-02-18
CUST-10432,Setareh Shirazi,setareh.shirazi368@outlook.com,+98-919-965-3785,Karaj,2025-01-25
CUST-10433,Hossein Nasseri,hossein.nasseri132@outlook.com,+98-918-842-3999,Karaj,2025-09-10
CUST-10434,Roya Salehi,roya.salehi229@outlook.com,+98-937-414-7889,Shiraz,2025-08-04
CUST-10435,Kian Zare,kian.zare872@gmail.com,+98-925-154-2166,Mashhad,2026-02-01
CUST-10436,Elham Farahani,elham.farahani306@yahoo.com,+98-911-991-3470,Isfahan,2026-01-26
CUST-10437,Iman Zare,iman.zare147@yahoo.com,+98-937-832-3954,Tehran,2025-04-07
CUST-10438,Arash Jafari,arash.jafari650@gmail.com,+98-910-562-5481,Isfahan,2026-02-28
CUST-10439,Shirin Nasseri,shirin.nasseri805@gmail.com,+98-914-729-8105,Karaj,2025-06-06
CUST-10440,Sina Kazemi,sina.kazemi5@gmail.com,+98-927-304-7112,Tehran,2025-09-24
CUST-10441,Azadeh Sadeghi,azadeh.sadeghi19@outlook.com,+98-910-741-5076,Isfahan,2024-09-08
CUST-10442,Zahra Ahmadi,zahra.ahmadi106@yahoo.com,+98-926-702-6015,Isfahan,2026-06-14
CUST-10443,Zahra Rahimi,zahra.rahimi467@outlook.com,+98-926-710-9587,Shiraz,2025-06-01
CUST-10444,Parisa Jafari,parisa.jafari924@yahoo.com,+98-921-868-4087,Isfahan,2025-07-02
CUST-10445,Babak Ahmadi,babak.ahmadi217@outlook.com,+98-910-703-9267,Isfahan,2026-04-15
CUST-10446,Reza Kazemi,reza.kazemi898@outlook.com,+98-918-889-9761,Tabriz,2026-07-01
CUST-10447,Maryam Shirazi,maryam.shirazi111@outlook.com,+98-936-120-1790,Karaj,2026-04-23
CUST-10448,Peyman Karimi,peyman.karimi561@yahoo.com,+98-925-818-3508,Isfahan,2024-09-07
CUST-10449,Sara Rahimi,sara.rahimi431@outlook.com,+98-913-778-9524,Shiraz,2024-11-20
CUST-10450,Parisa Fallahi,parisa.fallahi851@gmail.com,+98-926-836-2928,Shiraz,2026-04-25
CUST-10451,Setareh Sadeghi,setareh.sadeghi624@gmail.com,+98-934-369-9571,Isfahan,2025-08-18
CUST-10452,Zahra Moradi,zahra.moradi41@outlook.com,+98-925-312-8875,Shiraz,2025-12-22
CUST-10453,Mohammad Karimi,mohammad.karimi856@outlook.com,+98-931-605-3443,Tehran,2025-03-14
CUST-10454,Hossein Ghorbani,hossein.ghorbani660@gmail.com,+98-924-403-5327,Mashhad,2026-06-29
CUST-10455,Arash Mohammadi,arash.mohammadi873@yahoo.com,+98-921-920-6123,Mashhad,2026-04-23
CUST-10456,Reza Hosseini,reza.hosseini873@gmail.com,+98-931-762-3793,Shiraz,2025-08-18
CUST-10457,Sepideh Ghorbani,sepideh.ghorbani900@outlook.com,+98-912-481-6615,Isfahan,2026-04-25
CUST-10458,Bahram Ghorbani,bahram.ghorbani856@yahoo.com,+98-932-971-8835,Mashhad,2024-10-24
CUST-10459,Shirin Karimi,shirin.karimi136@outlook.com,+98-933-160-3611,Tehran,2025-06-19
CUST-10460,Setareh Bahrami,setareh.bahrami695@yahoo.com,+98-915-725-7221,Shiraz,2024-12-01
CUST-10461,Amir Nasseri,amir.nasseri943@yahoo.com,+98-913-521-8220,Tehran,2026-06-16
CUST-10462,Saeed Hosseini,saeed.hosseini722@outlook.com,+98-926-885-4669,Karaj,2025-09-07
CUST-10463,Sepideh Karimi,sepideh.karimi444@outlook.com,+98-933-354-8895,Shiraz,2024-10-09
CUST-10464,Elham Ahmadi,elham.ahmadi860@outlook.com,+98-938-727-1894,Tehran,2024-10-30
CUST-10465,Azadeh Nasseri,azadeh.nasseri873@yahoo.com,+98-937-269-2226,Mashhad,2025-09-25
CUST-10466,Farhad Mohammadi,farhad.mohammadi520@gmail.com,+98-927-758-7203,Mashhad,2025-12-22
CUST-10467,Bahram Bahrami,bahram.bahrami459@gmail.com,+98-937-610-8324,Shiraz,2026-04-20
CUST-10468,Sara Karimi,sara.karimi414@yahoo.com,+98-911-670-9996,Tehran,2026-05-18
CUST-10469,Sepideh Isfahani,sepideh.isfahani312@outlook.com,+98-927-311-8474,Shiraz,2025-08-12
CUST-10470,Roya Zare,roya.zare340@outlook.com,+98-934-734-8751,Karaj,2024-10-16
CUST-10471,Bahram Karimi,bahram.karimi100@outlook.com,+98-917-102-6592,Shiraz,2024-11-09
CUST-10472,Zahra Amini,zahra.amini535@yahoo.com,+98-932-208-1750,Isfahan,2025-04-02
CUST-10473,Shahram Karimi,shahram.karimi261@outlook.com,+98-916-292-2978,Mashhad,2026-01-11
CUST-10474,Kaveh Tabrizi,kaveh.tabrizi347@gmail.com,+98-934-524-1761,Karaj,2024-09-30
CUST-10475,Golnaz Zare,golnaz.zare675@outlook.com,+98-926-237-9172,Tehran,2025-02-22
CUST-10476,Tara Fallahi,tara.fallahi859@outlook.com,+98-925-620-3903,Karaj,2025-01-04
CUST-10477,Amir Karimi,amir.karimi397@outlook.com,+98-929-720-6273,Tabriz,2025-07-22
CUST-10478,Meysam Tabrizi,meysam.tabrizi781@gmail.com,+98-918-507-6617,Shiraz,2025-05-13
CUST-10479,Parisa Fallahi,parisa.fallahi617@outlook.com,+98-938-866-9393,Shiraz,2024-08-31
CUST-10480,Mahsa Tabrizi,mahsa.tabrizi755@outlook.com,+98-930-322-4291,Isfahan,2024-11-18
CUST-10481,Nazanin Shirazi,nazanin.shirazi136@outlook.com,+98-930-282-9255,Tabriz,2024-09-08
CUST-10482,Yasaman Salehi,yasaman.salehi576@yahoo.com,+98-928-684-7839,Karaj,2025-02-19
CUST-10483,Shahram Hosseini,shahram.hosseini536@gmail.com,+98-910-490-3381,Tehran,2024-10-02
CUST-10484,Farhad Moradi,farhad.moradi294@outlook.com,+98-918-249-2016,Karaj,2025-10-21
CUST-10485,Ehsan Mohammadi,ehsan.mohammadi368@yahoo.com,+98-913-730-4675,Karaj,2024-10-26
CUST-10486,Roya Farahani,roya.farahani804@outlook.com,+98-919-809-1769,Mashhad,2025-07-19
CUST-10487,Saeed Amini,saeed.amini56@gmail.com,+98-933-357-4327,Tabriz,2025-05-23
CUST-10488,Nazanin Bahrami,nazanin.bahrami560@outlook.com,+98-929-301-4170,Shiraz,2025-05-17
CUST-10489,Mohammad Moradi,mohammad.moradi986@gmail.com,+98-933-626-2955,Mashhad,2026-07-09
CUST-10490,Ehsan Ghorbani,ehsan.ghorbani134@gmail.com,+98-928-966-5178,Tehran,2025-09-15
CUST-10491,Amir Mohammadi,amir.mohammadi158@yahoo.com,+98-929-152-5934,Mashhad,2025-01-10
CUST-10492,Niloofar Tabrizi,niloofar.tabrizi326@outlook.com,+98-917-288-9529,Tehran,2025-03-20
CUST-10493,Ehsan Amini,ehsan.amini414@gmail.com,+98-921-326-4495,Karaj,2025-09-14
CUST-10494,Kian Sadeghi,kian.sadeghi974@outlook.com,+98-926-586-1144,Tehran,2024-10-04
CUST-10495,Babak Isfahani,babak.isfahani629@outlook.com,+98-917-140-6258,Mashhad,2026-04-25
CUST-10496,Ehsan Rahimi,ehsan.rahimi26@outlook.com,+98-936-888-7143,Tabriz,2025-03-17
CUST-10497,Reza Rahimi,reza.rahimi920@outlook.com,+98-916-428-9419,Tehran,2026-05-13
CUST-10498,Ehsan Amini,ehsan.amini8@outlook.com,+98-912-315-4492,Karaj,2025-06-11
CUST-10499,Leila Amini,leila.amini849@outlook.com,+98-938-859-8130,Karaj,2026-06-07
