review_id,order_id,customer_id,restaurant_id,review_text,rating,review_timestamp
REV-000002,ORD-20260213-390334,CUST-10287,ZAF-ISF-001,Really good Lavash Bread  Baghali Polo  Faloodeh Shirazi  Dolme Barg  and Tahchin Morgh! The Lavash Bread was delicious. Slight delay in delivery but food quality made up for it.,4,2026-02-14T18:42:53.476643
REV-000001,ORD-20260212-240101,CUST-10497,ZAF-TBZ-001,Outstanding experience! The Chelo Kabab Koobideh  Mirza Ghasemi  and Sholeh Zard exceeded all expectations. Chelo Kabab Koobideh was the star of the sofreh. Will definitely order again!,5,2026-02-14T20:22:40.476643
REV-000006,ORD-20260214-391668,CUST-10434,ZAF-TBZ-001,Best Persian food I've had! Sharbat-e Ablimoo  Tahchin Morgh  Kuku Sabzi  and Mirza Ghasemi were incredible. Sharbat-e Ablimoo had the perfect balance of saffron and spice. Five stars!,5,2026-02-15T20:59:10.476643
REV-000004,ORD-20260214-315098,CUST-10471,ZAF-TBZ-001,Mediocre. Sholeh Zard and Ghormeh Sabzi were fine but forgettable. Ghormeh Sabzi didn't stand out.,3,2026-02-16T14:57:33.476643
REV-000005,ORD-20260214-631302,CUST-10130,ZAF-ISF-001,Outstanding experience! The Baghali Polo exceeded all expectations. Baghali Polo was the star of the sofreh. Will definitely order again!,5,2026-02-17T20:12:44.476643
REV-000003,ORD-20260213-884645,CUST-10280,ZAF-TBZ-001,Good quality food. Baghali Polo were nicely done. Baghali Polo could use a touch more saffron but still good!,4,2026-02-18T19:38:25.476643
REV-000008,ORD-20260215-375617,CUST-10051,ZAF-TBZ-001,Absolutely amazing Joojeh Kabab  Lavash Bread  and Sharbat-e Ablimoo! The Sharbat-e Ablimoo was cooked to perfection. Fresh ingredients and authentic Persian flavors. Highly recommend!,5,2026-02-18T20:13:24.476643
REV-000007,ORD-20260215-716886,CUST-10251,ZAF-ISF-001,Absolutely amazing Fesenjan  Ghormeh Sabzi  Zoolbia Bamieh  and Joojeh Kabab! The Joojeh Kabab was cooked to perfection. Fresh ingredients and authentic Persian flavors. Highly recommend!,5,2026-02-20T18:46:46.476643
REV-000010,ORD-20260217-289893,CUST-10140,ZAF-SHZ-001,Exceptional quality! Ordered Sharbat-e Sekanjebin and everything was delicious. The Sharbat-e Sekanjebin melted in my mouth. Perfect!,5,2026-02-21T19:36:36.476643
REV-000014,ORD-20260220-804737,CUST-10152,ZAF-TBZ-001,Exceptional quality! Ordered Mirza Ghasemi  Kashke Bademjan  and Dolme Barg and everything was delicious. The Kashke Bademjan melted in my mouth. Perfect!,5,2026-02-21T20:36:53.476643
REV-000011,ORD-20260219-733952,CUST-10255,ZAF-THR-001,Incredible meal! Kuku Sabzi arrived hot and fresh. The Kuku Sabzi was absolutely divine. Highly satisfied!,5,2026-02-24T11:47:03.476643
REV-000009,ORD-20260217-374499,CUST-10117,ZAF-MSH-001,Best Persian food I've had! Zereshk Polo ba Morgh were incredible. Zereshk Polo ba Morgh had the perfect balance of saffron and spice. Five stars!,5,2026-02-24T18:41:39.476643
REV-000017,ORD-20260224-382154,CUST-10438,ZAF-THR-002,Hands down the best Ash Reshteh I've ever had! Bastani Sonnati and Ash Reshteh were all prepared beautifully. Fresh and flavorful!,5,2026-02-25T12:54:36.476643
REV-000012,ORD-20260219-281833,CUST-10201,ZAF-TBZ-001,Very satisfied! Sholeh Zard  Ghormeh Sabzi  and Fesenjan were fresh and flavorful. Ghormeh Sabzi was the standout dish.,4,2026-02-25T13:27:44.476643
REV-000021,ORD-20260225-300051,CUST-10322,ZAF-TBZ-001,Enjoyed the Doogh  Persian Tea (Chai)  Ghormeh Sabzi  Salad Shirazi  and Faloodeh Shirazi! Ghormeh Sabzi was very good. Portion sizes were generous. Recommend!,4,2026-02-26T19:30:10.476643
REV-000015,ORD-20260221-240718,CUST-10054,ZAF-TBZ-001,Enjoyed the Baghali Polo  Zereshk Polo ba Morgh  and Bastani Sonnati! Baghali Polo was very good. Portion sizes were generous. Recommend!,4,2026-02-27T10:19:36.476643
REV-000023,ORD-20260226-646571,CUST-10417,ZAF-THR-002,Great food overall. Chelo Kabab Koobideh  Barbari Bread  Lavash Bread  Doogh  and Faloodeh Shirazi were tasty  especially the Faloodeh Shirazi. Would order again!,4,2026-02-27T12:32:18.476643
REV-000013,ORD-20260220-683707,CUST-10196,ZAF-THR-001,Absolutely amazing Chelo Kabab Koobideh  Sharbat-e Ablimoo  Ghormeh Sabzi  and Zereshk Polo ba Morgh! The Sharbat-e Ablimoo was cooked to perfection. Fresh ingredients and authentic Persian flavors. Highly recommend!,5,2026-02-27T16:56:58.476643
REV-000024,ORD-20260226-172103,CUST-10167,ZAF-THR-002,Mediocre. Ghormeh Sabzi  Kuku Sabzi  Dolme Barg  and Salad Shirazi were fine but forgettable. Kuku Sabzi didn't stand out.,3,2026-02-28T15:33:00.476643
REV-000026,ORD-20260227-203540,CUST-10365,ZAF-THR-001,Best Persian food I've had! Baghali Polo were incredible. Baghali Polo had the perfect balance of saffron and spice. Five stars!,5,2026-02-28T19:20:11.476643
REV-000016,ORD-20260222-361103,CUST-10474,ZAF-ISF-001,Outstanding experience! The Sabzi Polo and Sharbat-e Ablimoo exceeded all expectations. Sharbat-e Ablimoo was the star of the sofreh. Will definitely order again!,5,2026-02-28T20:09:56.476643
REV-000018,ORD-20260225-297303,CUST-10308,ZAF-TBZ-001,Incredible meal! Sharbat-e Ablimoo arrived hot and fresh. The Sharbat-e Ablimoo was absolutely divine. Highly satisfied!,5,2026-03-02T14:24:43.476643
REV-000019,ORD-20260225-361897,CUST-10191,ZAF-THR-002,Hands down the best Chelo Kabab Koobideh I've ever had! Chelo Kabab Koobideh were all prepared beautifully. Fresh and flavorful!,5,2026-03-02T16:31:24.476643
REV-000025,ORD-20260226-883997,CUST-10213,ZAF-SHZ-001,Terrible experience! Sharbat-e Ablimoo were all inedible. Sharbat-e Ablimoo was completely burnt. Waste of money!,1,2026-03-02T22:21:22.476643
REV-000031,ORD-20260302-131127,CUST-10072,ZAF-THR-001,Disappointed with Zereshk Polo ba Morgh  Adas Polo  and Bastani Sonnati. Zereshk Polo ba Morgh was cold when it arrived. Not worth the money.,2,2026-03-03T15:01:35.476643
REV-000020,ORD-20260225-780956,CUST-10198,ZAF-THR-001,Really good Faloodeh Shirazi  Sharbat-e Ablimoo  and Joojeh Kabab! The Joojeh Kabab was delicious. Slight delay in delivery but food quality made up for it.,4,2026-03-03T17:41:00.476643
REV-000022,ORD-20260225-980155,CUST-10384,ZAF-ISF-001,Exceptional quality! Ordered Baghali Polo and Faloodeh Shirazi and everything was delicious. The Baghali Polo melted in my mouth. Perfect!,5,2026-03-03T20:03:12.476643
REV-000032,ORD-20260303-651752,CUST-10371,ZAF-THR-001,Best Persian food I've had! Sangak Bread and Ghormeh Sabzi were incredible. Ghormeh Sabzi had the perfect balance of saffron and spice. Five stars!,5,2026-03-05T13:33:06.476643
REV-000033,ORD-20260304-714094,CUST-10141,ZAF-THR-001,Very satisfied! Chelo Kabab Koobideh were fresh and flavorful. Chelo Kabab Koobideh was the standout dish.,4,2026-03-05T14:05:24.476643
REV-000029,ORD-20260228-998348,CUST-10238,ZAF-TBZ-001,It was okay. Kashke Bademjan  Adas Polo  Persian Tea (Chai)  and Fesenjan arrived lukewarm. Adas Polo tasted fine but could be better.,3,2026-03-05T16:26:21.476643
REV-000027,ORD-20260227-409369,CUST-10081,ZAF-ISF-001,Really good Faloodeh Shirazi  Abgoosht (Dizi)  Sholeh Zard  and Doogh! The Faloodeh Shirazi was delicious. Slight delay in delivery but food quality made up for it.,4,2026-03-05T20:07:29.476643
REV-000028,ORD-20260227-521195,CUST-10312,ZAF-ISF-001,Absolutely horrible! Mirza Ghasemi  Dolme Barg  Faloodeh Shirazi  and Kashke Bademjan arrived ice cold after a 2 hour delay. Dolme Barg was spoiled. Disgusting!,1,2026-03-05T22:28:03.476643
REV-000038,ORD-20260305-269999,CUST-10405,ZAF-MSH-001,Mediocre. Lavash Bread  Kuku Sabzi  Ghormeh Sabzi  Sangak Bread  and Kashke Bademjan were fine but forgettable. Lavash Bread didn't stand out.,3,2026-03-06T18:45:24.476643
REV-000030,ORD-20260302-371212,CUST-10285,ZAF-ISF-001,Best Persian food I've had! Barbari Bread were incredible. Barbari Bread had the perfect balance of saffron and spice. Five stars!,5,2026-03-07T10:11:50.476643
REV-000035,ORD-20260305-688967,CUST-10378,ZAF-MSH-001,Enjoyed the Sharbat-e Sekanjebin  Salad Shirazi  and Sangak Bread! Sharbat-e Sekanjebin was very good. Portion sizes were generous. Recommend!,4,2026-03-07T11:27:06.476643
REV-000034,ORD-20260304-999908,CUST-10124,ZAF-TBZ-001,Enjoyed the Baghali Polo and Faloodeh Shirazi! Faloodeh Shirazi was very good. Portion sizes were generous. Recommend!,4,2026-03-08T15:25:29.476643
REV-000036,ORD-20260305-594078,CUST-10485,ZAF-THR-002,Very satisfied! Salad Shirazi  Sharbat-e Ablimoo  Persian Tea (Chai)  Baghali Polo  and Mast-o Khiar were fresh and flavorful. Sharbat-e Ablimoo was the standout dish.,4,2026-03-09T11:47:03.476643
REV-000037,ORD-20260305-753484,CUST-10444,ZAF-SHZ-001,Great food overall. Kuku Sabzi  Ash Reshteh  Persian Tea (Chai)  and Fesenjan were tasty  especially the Kuku Sabzi. Would order again!,4,2026-03-09T13:28:38.476643
REV-000041,ORD-20260307-780364,CUST-10058,ZAF-THR-002,Unsatisfactory. Ghormeh Sabzi  Zereshk Polo ba Morgh  Sabzi Polo  and Persian Tea (Chai) were not fresh. Zereshk Polo ba Morgh tasted reheated. Won't order again.,2,2026-03-09T15:52:21.476643
REV-000044,ORD-20260308-428497,CUST-10043,ZAF-THR-001,Really good Kashke Bademjan! The Kashke Bademjan was delicious. Slight delay in delivery but food quality made up for it.,4,2026-03-09T20:28:37.476643
REV-000040,ORD-20260307-164329,CUST-10156,ZAF-TBZ-001,Absolutely amazing Ash Reshteh and Chelo Kabab Koobideh! The Chelo Kabab Koobideh was cooked to perfection. Fresh ingredients and authentic Persian flavors. Highly recommend!,5,2026-03-10T10:24:26.476643
REV-000043,ORD-20260307-718990,CUST-10398,ZAF-THR-002,Hands down the best Ghormeh Sabzi I've ever had! Sholeh Zard  Sangak Bread  Salad Shirazi  Ghormeh Sabzi  and Fesenjan were all prepared beautifully. Fresh and flavorful!,5,2026-03-12T21:32:07.476643
REV-000039,ORD-20260306-115208,CUST-10441,ZAF-SHZ-001,Very satisfied! Barbari Bread and Tahchin Morgh were fresh and flavorful. Barbari Bread was the standout dish.,4,2026-03-13T16:54:33.476643
REV-000042,ORD-20260307-337232,CUST-10189,ZAF-THR-002,Hands down the best Joojeh Kabab I've ever had! Joojeh Kabab  Kuku Sabzi  Zereshk Polo ba Morgh  and Kashke Bademjan were all prepared beautifully. Fresh and flavorful!,5,2026-03-13T20:34:24.476643
REV-000046,ORD-20260311-697983,CUST-10372,ZAF-ISF-001,Not good. Doogh  Ghormeh Sabzi  and Joojeh Kabab arrived late and cold. Doogh had barely any flavor. Poor quality.,2,2026-03-14T16:08:56.476643
REV-000045,ORD-20260309-178463,CUST-10369,ZAF-THR-001,Hands down the best Fesenjan I've ever had! Fesenjan and Sharbat-e Ablimoo were all prepared beautifully. Fresh and flavorful!,5,2026-03-14T18:58:29.476643
REV-000048,ORD-20260313-421697,CUST-10073,ZAF-ISF-001,Great food overall. Sabzi Polo and Doogh were tasty  especially the Doogh. Would order again!,4,2026-03-15T11:34:10.476643
REV-000051,ORD-20260313-268956,CUST-10107,ZAF-SHZ-001,Incredible meal! Kuku Sabzi  Bastani Sonnati  Persian Tea (Chai)  Fesenjan  and Mast-o Khiar arrived hot and fresh. The Mast-o Khiar was absolutely divine. Highly satisfied!,5,2026-03-15T17:43:30.476643
REV-000052,ORD-20260313-935981,CUST-10370,ZAF-SHZ-001,Average experience. Lavash Bread  Mast-o Khiar  Persian Tea (Chai)  Kuku Sabzi  and Adas Polo were fine but Persian Tea (Chai) was a bit bland. Room for improvement.,3,2026-03-15T20:21:21.476643
REV-000047,ORD-20260312-811259,CUST-10079,ZAF-THR-002,Absolutely amazing Abgoosht (Dizi)  Mast-o Khiar  and Doogh! The Abgoosht (Dizi) was cooked to perfection. Fresh ingredients and authentic Persian flavors. Highly recommend!,5,2026-03-16T11:50:01.476643
REV-000050,ORD-20260313-546915,CUST-10112,ZAF-TBZ-001,Decent food but nothing special. Sharbat-e Sekanjebin were okay. Sharbat-e Sekanjebin lacked the punch I expected.,3,2026-03-16T17:38:51.476643
REV-000058,ORD-20260315-848831,CUST-10458,ZAF-SHZ-001,Best Persian food I've had! Persian Tea (Chai)  Joojeh Kabab  Doogh  and Sharbat-e Sekanjebin were incredible. Persian Tea (Chai) had the perfect balance of saffron and spice. Five stars!,5,2026-03-18T19:43:34.476643
REV-000059,ORD-20260315-759531,CUST-10269,ZAF-ISF-001,Incredible meal! Abgoosht (Dizi)  Adas Polo  Sholeh Zard  and Lavash Bread arrived hot and fresh. The Abgoosht (Dizi) was absolutely divine. Highly satisfied!,5,2026-03-18T21:55:17.476643
REV-000049,ORD-20260313-639292,CUST-10144,ZAF-MSH-001,Enjoyed the Abgoosht (Dizi)! Abgoosht (Dizi) was very good. Portion sizes were generous. Recommend!,4,2026-03-19T16:16:34.476643
REV-000057,ORD-20260315-821933,CUST-10099,ZAF-THR-002,Hands down the best Doogh I've ever had! Sabzi Polo  Doogh  Zoolbia Bamieh  and Joojeh Kabab were all prepared beautifully. Fresh and flavorful!,5,2026-03-19T16:59:36.476643
REV-000055,ORD-20260315-471136,CUST-10473,ZAF-THR-002,Good quality food. Fesenjan  Persian Tea (Chai)  Zoolbia Bamieh  Ghormeh Sabzi  and Tahchin Morgh were nicely done. Ghormeh Sabzi could use a touch more saffron but still good!,4,2026-03-20T10:29:03.476643
REV-000056,ORD-20260315-745270,CUST-10049,ZAF-THR-002,Incredible meal! Baghali Polo arrived hot and fresh. The Baghali Polo was absolutely divine. Highly satisfied!,5,2026-03-20T14:28:15.476643
REV-000054,ORD-20260314-543940,CUST-10497,ZAF-THR-002,Best Persian food I've had! Sharbat-e Sekanjebin and Adas Polo were incredible. Sharbat-e Sekanjebin had the perfect balance of saffron and spice. Five stars!,5,2026-03-20T22:28:11.476643
REV-000060,ORD-20260316-643269,CUST-10093,ZAF-TBZ-001,Outstanding experience! The Fesenjan and Abgoosht (Dizi) exceeded all expectations. Fesenjan was the star of the sofreh. Will definitely order again!,5,2026-03-20T22:35:40.476643
REV-000053,ORD-20260314-861260,CUST-10409,ZAF-SHZ-001,Absolutely amazing Chelo Kabab Koobideh and Doogh! The Doogh was cooked to perfection. Fresh ingredients and authentic Persian flavors. Highly recommend!,5,2026-03-21T16:31:35.476643
REV-000062,ORD-20260317-543990,CUST-10189,ZAF-THR-001,Incredible meal! Ghormeh Sabzi  Barbari Bread  Sangak Bread  Abgoosht (Dizi)  and Doogh arrived hot and fresh. The Ghormeh Sabzi was absolutely divine. Highly satisfied!,5,2026-03-21T17:13:28.476643
REV-000064,ORD-20260318-258727,CUST-10271,ZAF-THR-001,Incredible meal! Mast-o Khiar  Lavash Bread  Bastani Sonnati  Kuku Sabzi  and Zereshk Polo ba Morgh arrived hot and fresh. The Lavash Bread was absolutely divine. Highly satisfied!,5,2026-03-22T20:43:09.476643
REV-000066,ORD-20260320-915437,CUST-10189,ZAF-MSH-001,Absolutely amazing Kuku Sabzi  Zereshk Polo ba Morgh  Ash Reshteh  Barbari Bread  and Kashke Bademjan! The Ash Reshteh was cooked to perfection. Fresh ingredients and authentic Persian flavors. Highly recommend!,5,2026-03-22T22:26:10.476643
REV-000068,ORD-20260322-658198,CUST-10167,ZAF-THR-002,Great food overall. Chelo Kabab Koobideh  Kuku Sabzi  Ghormeh Sabzi  Lavash Bread  and Zoolbia Bamieh were tasty  especially the Ghormeh Sabzi. Would order again!,4,2026-03-23T19:57:32.476643
REV-000061,ORD-20260317-280572,CUST-10353,ZAF-ISF-001,Not good. Salad Shirazi  Persian Tea (Chai)  and Zereshk Polo ba Morgh arrived late and cold. Persian Tea (Chai) had barely any flavor. Poor quality.,2,2026-03-24T10:30:22.476643
REV-000063,ORD-20260318-425138,CUST-10018,ZAF-SHZ-001,Enjoyed the Adas Polo  Kashke Bademjan  and Sharbat-e Sekanjebin! Kashke Bademjan was very good. Portion sizes were generous. Recommend!,4,2026-03-25T11:45:49.476643
REV-000065,ORD-20260319-736408,CUST-10127,ZAF-THR-001,Best Persian food I've had! Lavash Bread  Zoolbia Bamieh  Baghali Polo  Doogh  and Sholeh Zard were incredible. Baghali Polo had the perfect balance of saffron and spice. Five stars!,5,2026-03-25T13:17:41.476643
REV-000071,ORD-20260323-401663,CUST-10241,ZAF-MSH-001,Incredible meal! Bastani Sonnati arrived hot and fresh. The Bastani Sonnati was absolutely divine. Highly satisfied!,5,2026-03-26T14:19:40.476643
REV-000069,ORD-20260322-559094,CUST-10342,ZAF-TBZ-001,Great food overall. Sholeh Zard were tasty  especially the Sholeh Zard. Would order again!,4,2026-03-26T21:55:32.476643
REV-000067,ORD-20260321-423896,CUST-10340,ZAF-MSH-001,It was okay. Lavash Bread arrived lukewarm. Lavash Bread tasted fine but could be better.,3,2026-03-27T19:18:09.476643
REV-000075,ORD-20260327-903180,CUST-10102,ZAF-ISF-001,Mediocre. Sharbat-e Ablimoo  Ghormeh Sabzi  Dolme Barg  Ash Reshteh  and Persian Tea (Chai) were fine but forgettable. Dolme Barg didn't stand out.,3,2026-03-28T11:23:12.476643
REV-000073,ORD-20260325-417534,CUST-10177,ZAF-THR-002,Really good Baghali Polo  Sharbat-e Ablimoo  Mirza Ghasemi  Sabzi Polo  and Adas Polo! The Mirza Ghasemi was delicious. Slight delay in delivery but food quality made up for it.,4,2026-03-28T15:59:45.476643
REV-000070,ORD-20260322-746915,CUST-10094,ZAF-THR-002,Mixed feelings. Doogh were acceptable. Doogh was decent but portion was small for the price.,3,2026-03-28T22:12:06.476643
REV-000076,ORD-20260328-119651,CUST-10117,ZAF-MSH-001,Outstanding experience! The Sangak Bread  Persian Tea (Chai)  Faloodeh Shirazi  Sharbat-e Sekanjebin  and Joojeh Kabab exceeded all expectations. Sangak Bread was the star of the sofreh. Will definitely order again!,5,2026-03-29T12:24:34.476643
REV-000074,ORD-20260325-167193,CUST-10421,ZAF-THR-001,Good quality food. Tahchin Morgh and Lavash Bread were nicely done. Lavash Bread could use a touch more saffron but still good!,4,2026-03-29T16:40:00.476643
REV-000072,ORD-20260323-750817,CUST-10346,ZAF-THR-001,Outstanding experience! The Lavash Bread  Mast-o Khiar  Doogh  and Sharbat-e Ablimoo exceeded all expectations. Sharbat-e Ablimoo was the star of the sofreh. Will definitely order again!,5,2026-03-29T22:06:07.476643
REV-000077,ORD-20260328-284630,CUST-10089,ZAF-MSH-001,Good quality food. Sharbat-e Ablimoo  Sangak Bread  and Ash Reshteh were nicely done. Sharbat-e Ablimoo could use a touch more saffron but still good!,4,2026-04-01T13:56:16.476643
REV-000078,ORD-20260328-592841,CUST-10469,ZAF-SHZ-001,Unsatisfactory. Kuku Sabzi  Barbari Bread  and Fesenjan were not fresh. Barbari Bread tasted reheated. Won't order again.,2,2026-04-01T17:33:41.476643
REV-000080,ORD-20260328-284731,CUST-10476,ZAF-MSH-001,Unsatisfactory. Persian Tea (Chai)  Tahchin Morgh  Dolme Barg  Barbari Bread  and Lavash Bread were not fresh. Persian Tea (Chai) tasted reheated. Won't order again.,2,2026-04-02T20:42:04.476643
REV-000084,ORD-20260401-389346,CUST-10459,ZAF-SHZ-001,Really good Baghali Polo and Mirza Ghasemi! The Mirza Ghasemi was delicious. Slight delay in delivery but food quality made up for it.,4,2026-04-03T17:05:05.476643
REV-000085,ORD-20260402-495521,CUST-10038,ZAF-MSH-001,Hands down the best Kuku Sabzi I've ever had! Kuku Sabzi and Zoolbia Bamieh were all prepared beautifully. Fresh and flavorful!,5,2026-04-04T14:28:11.476643
REV-000079,ORD-20260328-923012,CUST-10172,ZAF-THR-001,Decent food but nothing special. Dolme Barg  Lavash Bread  Ash Reshteh  and Sangak Bread were okay. Dolme Barg lacked the punch I expected.,3,2026-04-04T18:02:51.476643
REV-000081,ORD-20260328-771709,CUST-10162,ZAF-MSH-001,Exceptional quality! Ordered Mirza Ghasemi  Chelo Kabab Koobideh  Mast-o Khiar  and Lavash Bread and everything was delicious. The Chelo Kabab Koobideh melted in my mouth. Perfect!,5,2026-04-04T20:48:56.476643
REV-000082,ORD-20260329-912510,CUST-10019,ZAF-TBZ-001,Disaster! Abgoosht (Dizi)  Doogh  Dolme Barg  Mirza Ghasemi  and Tahchin Morgh were all stale. Tahchin Morgh had a weird smell. Completely unacceptable!,1,2026-04-05T17:57:39.476643
REV-000087,ORD-20260402-695361,CUST-10374,ZAF-THR-002,Very satisfied! Bastani Sonnati  Sabzi Polo  Sholeh Zard  and Kuku Sabzi were fresh and flavorful. Sholeh Zard was the standout dish.,4,2026-04-07T22:07:21.476643
REV-000083,ORD-20260401-764000,CUST-10110,ZAF-SHZ-001,Incredible meal! Persian Tea (Chai)  Sharbat-e Sekanjebin  Adas Polo  and Sholeh Zard arrived hot and fresh. The Adas Polo was absolutely divine. Highly satisfied!,5,2026-04-08T11:59:54.476643
REV-000090,ORD-20260405-296041,CUST-10295,ZAF-THR-001,Really good Sharbat-e Sekanjebin! The Sharbat-e Sekanjebin was delicious. Slight delay in delivery but food quality made up for it.,4,2026-04-08T14:48:45.476643
REV-000086,ORD-20260402-823044,CUST-10413,ZAF-TBZ-001,Incredible meal! Zoolbia Bamieh arrived hot and fresh. The Zoolbia Bamieh was absolutely divine. Highly satisfied!,5,2026-04-08T15:05:56.476643
REV-000091,ORD-20260407-303765,CUST-10072,ZAF-TBZ-001,Great food overall. Kuku Sabzi and Ash Reshteh were tasty  especially the Ash Reshteh. Would order again!,4,2026-04-09T16:57:41.476643
REV-000088,ORD-20260403-552931,CUST-10320,ZAF-THR-001,Very satisfied! Mast-o Khiar were fresh and flavorful. Mast-o Khiar was the standout dish.,4,2026-04-10T12:21:19.476643
REV-000089,ORD-20260404-626797,CUST-10127,ZAF-TBZ-001,Exceptional quality! Ordered Sharbat-e Sekanjebin  Mast-o Khiar  Ghormeh Sabzi  Sholeh Zard  and Joojeh Kabab and everything was delicious. The Joojeh Kabab melted in my mouth. Perfect!,5,2026-04-10T20:56:51.476643
REV-000092,ORD-20260407-531066,CUST-10417,ZAF-MSH-001,Best Persian food I've had! Bastani Sonnati  Lavash Bread  and Joojeh Kabab were incredible. Bastani Sonnati had the perfect balance of saffron and spice. Five stars!,5,2026-04-11T17:14:04.476643
REV-000097,ORD-20260410-511341,CUST-10438,ZAF-THR-002,Not good. Zoolbia Bamieh  Ghormeh Sabzi  Baghali Polo  and Persian Tea (Chai) arrived late and cold. Baghali Polo had barely any flavor. Poor quality.,2,2026-04-12T21:47:03.476643
REV-000096,ORD-20260410-975686,CUST-10432,ZAF-ISF-001,Outstanding experience! The Abgoosht (Dizi) exceeded all expectations. Abgoosht (Dizi) was the star of the sofreh. Will definitely order again!,5,2026-04-14T12:09:04.476643
REV-000093,ORD-20260407-574001,CUST-10102,ZAF-SHZ-001,Disaster! Salad Shirazi were all stale. Salad Shirazi had a weird smell. Completely unacceptable!,1,2026-04-14T19:18:44.476643
REV-000098,ORD-20260412-592489,CUST-10021,ZAF-THR-002,Absolutely amazing Abgoosht (Dizi) and Sharbat-e Sekanjebin! The Abgoosht (Dizi) was cooked to perfection. Fresh ingredients and authentic Persian flavors. Highly recommend!,5,2026-04-15T11:16:23.476643
REV-000094,ORD-20260409-955244,CUST-10085,ZAF-MSH-001,Outstanding experience! The Kashke Bademjan and Fesenjan exceeded all expectations. Kashke Bademjan was the star of the sofreh. Will definitely order again!,5,2026-04-16T11:51:53.476643
REV-000095,ORD-20260409-593393,CUST-10215,ZAF-ISF-001,Outstanding experience! The Joojeh Kabab  Sabzi Polo  and Barbari Bread exceeded all expectations. Joojeh Kabab was the star of the sofreh. Will definitely order again!,5,2026-04-16T15:14:47.476643
REV-000100,ORD-20260412-507723,CUST-10095,ZAF-THR-002,Really good Ghormeh Sabzi  Mast-o Khiar  Zoolbia Bamieh  and Lavash Bread! The Zoolbia Bamieh was delicious. Slight delay in delivery but food quality made up for it.,4,2026-04-17T22:25:40.476643
REV-000101,ORD-20260414-521805,CUST-10017,ZAF-TBZ-001,Very satisfied! Lavash Bread  Faloodeh Shirazi  Sholeh Zard  and Sharbat-e Ablimoo were fresh and flavorful. Lavash Bread was the standout dish.,4,2026-04-18T13:04:06.476643
REV-000099,ORD-20260412-401603,CUST-10130,ZAF-SHZ-001,Average experience. Sharbat-e Sekanjebin were fine but Sharbat-e Sekanjebin was a bit bland. Room for improvement.,3,2026-04-18T17:40:16.476643
REV-000105,ORD-20260416-276358,CUST-10155,ZAF-THR-002,Outstanding experience! The Fesenjan  Zereshk Polo ba Morgh  Mirza Ghasemi  Sharbat-e Ablimoo  and Bastani Sonnati exceeded all expectations. Sharbat-e Ablimoo was the star of the sofreh. Will definitely order again!,5,2026-04-18T22:35:41.476643
REV-000104,ORD-20260416-115267,CUST-10046,ZAF-THR-002,Good quality food. Fesenjan were nicely done. Fesenjan could use a touch more saffron but still good!,4,2026-04-19T15:58:15.476643
REV-000102,ORD-20260415-588899,CUST-10203,ZAF-THR-002,Very satisfied! Sangak Bread and Chelo Kabab Koobideh were fresh and flavorful. Chelo Kabab Koobideh was the standout dish.,4,2026-04-19T21:38:45.476643
REV-000106,ORD-20260417-670027,CUST-10286,ZAF-SHZ-001,Hands down the best Tahchin Morgh I've ever had! Sangak Bread  Sholeh Zard  and Tahchin Morgh were all prepared beautifully. Fresh and flavorful!,5,2026-04-20T10:31:45.476643
REV-000103,ORD-20260416-546376,CUST-10456,ZAF-THR-002,Absolutely amazing Salad Shirazi  Barbari Bread  Mast-o Khiar  Fesenjan  and Kashke Bademjan! The Mast-o Khiar was cooked to perfection. Fresh ingredients and authentic Persian flavors. Highly recommend!,5,2026-04-20T15:27:37.476643
REV-000107,ORD-20260417-669508,CUST-10432,ZAF-MSH-001,Incredible meal! Adas Polo  Sholeh Zard  and Lavash Bread arrived hot and fresh. The Sholeh Zard was absolutely divine. Highly satisfied!,5,2026-04-21T14:47:52.476643
REV-000112,ORD-20260420-682667,CUST-10264,ZAF-ISF-001,Absolutely amazing Fesenjan  Kuku Sabzi  and Chelo Kabab Koobideh! The Chelo Kabab Koobideh was cooked to perfection. Fresh ingredients and authentic Persian flavors. Highly recommend!,5,2026-04-22T19:53:48.476643
REV-000110,ORD-20260419-615959,CUST-10251,ZAF-THR-001,Mediocre. Lavash Bread and Ghormeh Sabzi were fine but forgettable. Ghormeh Sabzi didn't stand out.,3,2026-04-23T14:11:28.476643
REV-000113,ORD-20260421-312861,CUST-10332,ZAF-TBZ-001,Absolutely horrible! Adas Polo arrived ice cold after a 2 hour delay. Adas Polo was spoiled. Disgusting!,1,2026-04-23T19:25:40.476643
REV-000115,ORD-20260423-449970,CUST-10184,ZAF-THR-001,Outstanding experience! The Sangak Bread exceeded all expectations. Sangak Bread was the star of the sofreh. Will definitely order again!,5,2026-04-24T13:06:07.476643
REV-000109,ORD-20260418-672547,CUST-10024,ZAF-THR-001,Outstanding experience! The Zereshk Polo ba Morgh  Zoolbia Bamieh  Fesenjan  and Kuku Sabzi exceeded all expectations. Kuku Sabzi was the star of the sofreh. Will definitely order again!,5,2026-04-24T22:06:46.476643
REV-000111,ORD-20260419-785436,CUST-10488,ZAF-ISF-001,Worst meal ever! Baghali Polo  Barbari Bread  and Zoolbia Bamieh were all wrong. Barbari Bread made me sick. Never ordering again!,1,2026-04-25T16:15:28.476643
REV-000108,ORD-20260418-223552,CUST-10145,ZAF-THR-001,Very satisfied! Sangak Bread  Fesenjan  Sabzi Polo  Adas Polo  and Mast-o Khiar were fresh and flavorful. Adas Polo was the standout dish.,4,2026-04-25T17:49:14.476643
REV-000118,ORD-20260424-393366,CUST-10314,ZAF-THR-001,Best Persian food I've had! Lavash Bread  Ash Reshteh  Bastani Sonnati  Baghali Polo  and Tahchin Morgh were incredible. Baghali Polo had the perfect balance of saffron and spice. Five stars!,5,2026-04-25T17:56:09.476643
REV-000114,ORD-20260422-485548,CUST-10499,ZAF-MSH-001,Mediocre. Bastani Sonnati  Mirza Ghasemi  Tahchin Morgh  Zereshk Polo ba Morgh  and Abgoosht (Dizi) were fine but forgettable. Abgoosht (Dizi) didn't stand out.,3,2026-04-25T18:04:16.476643
REV-000119,ORD-20260425-885527,CUST-10420,ZAF-SHZ-001,Decent food but nothing special. Doogh  Bastani Sonnati  Mast-o Khiar  Tahchin Morgh  and Abgoosht (Dizi) were okay. Bastani Sonnati lacked the punch I expected.,3,2026-04-27T15:50:25.476643
REV-000117,ORD-20260423-161669,CUST-10424,ZAF-MSH-001,Hands down the best Baghali Polo I've ever had! Tahchin Morgh and Baghali Polo were all prepared beautifully. Fresh and flavorful!,5,2026-04-27T21:36:30.476643
REV-000116,ORD-20260423-776909,CUST-10169,ZAF-MSH-001,Absolutely amazing Zereshk Polo ba Morgh  Joojeh Kabab  Doogh  and Baghali Polo! The Doogh was cooked to perfection. Fresh ingredients and authentic Persian flavors. Highly recommend!,5,2026-04-29T15:08:43.476643
REV-000123,ORD-20260429-167037,CUST-10032,ZAF-ISF-001,Really good Kuku Sabzi  Ghormeh Sabzi  Persian Tea (Chai)  Sholeh Zard  and Mast-o Khiar! The Ghormeh Sabzi was delicious. Slight delay in delivery but food quality made up for it.,4,2026-04-30T19:08:06.476643
REV-000122,ORD-20260429-473024,CUST-10001,ZAF-THR-002,Best Persian food I've had! Ghormeh Sabzi  Adas Polo  Baghali Polo  Bastani Sonnati  and Abgoosht (Dizi) were incredible. Ghormeh Sabzi had the perfect balance of saffron and spice. Five stars!,5,2026-05-01T17:18:16.476643
REV-000120,ORD-20260426-522548,CUST-10135,ZAF-SHZ-001,Absolutely amazing Bastani Sonnati  Tahchin Morgh  Barbari Bread  and Lavash Bread! The Lavash Bread was cooked to perfection. Fresh ingredients and authentic Persian flavors. Highly recommend!,5,2026-05-01T18:56:22.476643
REV-000121,ORD-20260428-112861,CUST-10007,ZAF-ISF-001,It was okay. Salad Shirazi  Sabzi Polo  Kashke Bademjan  Sangak Bread  and Baghali Polo arrived lukewarm. Kashke Bademjan tasted fine but could be better.,3,2026-05-03T13:23:11.476643
REV-000126,ORD-20260430-871037,CUST-10070,ZAF-TBZ-001,Incredible meal! Sholeh Zard  Tahchin Morgh  Baghali Polo  and Salad Shirazi arrived hot and fresh. The Tahchin Morgh was absolutely divine. Highly satisfied!,5,2026-05-03T17:41:10.476643
REV-000125,ORD-20260430-147828,CUST-10282,ZAF-ISF-001,Best Persian food I've had! Kuku Sabzi were incredible. Kuku Sabzi had the perfect balance of saffron and spice. Five stars!,5,2026-05-04T13:18:45.476643
REV-000132,ORD-20260503-202444,CUST-10425,ZAF-THR-001,Very satisfied! Mast-o Khiar were fresh and flavorful. Mast-o Khiar was the standout dish.,4,2026-05-04T18:00:43.476643
REV-000127,ORD-20260430-677236,CUST-10273,ZAF-THR-002,Best Persian food I've had! Kashke Bademjan and Salad Shirazi were incredible. Salad Shirazi had the perfect balance of saffron and spice. Five stars!,5,2026-05-04T21:30:48.476643
REV-000128,ORD-20260501-711772,CUST-10228,ZAF-THR-002,Not good. Mirza Ghasemi  Chelo Kabab Koobideh  and Kashke Bademjan arrived late and cold. Kashke Bademjan had barely any flavor. Poor quality.,2,2026-05-05T10:25:39.476643
REV-000124,ORD-20260430-702980,CUST-10327,ZAF-SHZ-001,Incredible meal! Zereshk Polo ba Morgh  Mirza Ghasemi  Dolme Barg  Persian Tea (Chai)  and Tahchin Morgh arrived hot and fresh. The Dolme Barg was absolutely divine. Highly satisfied!,5,2026-05-06T11:03:15.476643
REV-000129,ORD-20260502-240913,CUST-10350,ZAF-MSH-001,Exceptional quality! Ordered Sharbat-e Ablimoo and everything was delicious. The Sharbat-e Ablimoo melted in my mouth. Perfect!,5,2026-05-07T14:53:31.476643
REV-000130,ORD-20260502-330914,CUST-10224,ZAF-ISF-001,Outstanding experience! The Zereshk Polo ba Morgh  Dolme Barg  Ash Reshteh  Mirza Ghasemi  and Chelo Kabab Koobideh exceeded all expectations. Chelo Kabab Koobideh was the star of the sofreh. Will definitely order again!,5,2026-05-07T16:42:41.476643
REV-000131,ORD-20260502-411870,CUST-10062,ZAF-MSH-001,Outstanding experience! The Sharbat-e Ablimoo  Ash Reshteh  Zereshk Polo ba Morgh  Ghormeh Sabzi  and Mast-o Khiar exceeded all expectations. Ghormeh Sabzi was the star of the sofreh. Will definitely order again!,5,2026-05-07T20:44:23.476643
REV-000133,ORD-20260505-849937,CUST-10011,ZAF-TBZ-001,Outstanding experience! The Dolme Barg and Baghali Polo exceeded all expectations. Baghali Polo was the star of the sofreh. Will definitely order again!,5,2026-05-09T10:09:03.476643
REV-000134,ORD-20260505-265146,CUST-10272,ZAF-ISF-001,Good quality food. Doogh  Zereshk Polo ba Morgh  and Faloodeh Shirazi were nicely done. Doogh could use a touch more saffron but still good!,4,2026-05-09T13:12:18.476643
REV-000137,ORD-20260506-423528,CUST-10390,ZAF-THR-002,Hands down the best Tahchin Morgh I've ever had! Tahchin Morgh and Abgoosht (Dizi) were all prepared beautifully. Fresh and flavorful!,5,2026-05-09T19:46:20.476643
REV-000139,ORD-20260508-994794,CUST-10323,ZAF-THR-001,Really good Joojeh Kabab! The Joojeh Kabab was delicious. Slight delay in delivery but food quality made up for it.,4,2026-05-09T20:19:25.476643
REV-000135,ORD-20260505-347978,CUST-10026,ZAF-THR-001,Best Persian food I've had! Ash Reshteh and Doogh were incredible. Ash Reshteh had the perfect balance of saffron and spice. Five stars!,5,2026-05-12T14:24:52.476643
REV-000136,ORD-20260506-720995,CUST-10186,ZAF-SHZ-001,Hands down the best Barbari Bread I've ever had! Barbari Bread were all prepared beautifully. Fresh and flavorful!,5,2026-05-12T16:17:52.476643
REV-000138,ORD-20260507-211532,CUST-10380,ZAF-ISF-001,Mediocre. Abgoosht (Dizi)  Lavash Bread  Joojeh Kabab  Ash Reshteh  and Bastani Sonnati were fine but forgettable. Lavash Bread didn't stand out.,3,2026-05-13T15:47:51.476643
REV-000142,ORD-20260510-113950,CUST-10040,ZAF-THR-002,Enjoyed the Sabzi Polo  Sharbat-e Ablimoo  Faloodeh Shirazi  Dolme Barg  and Fesenjan! Fesenjan was very good. Portion sizes were generous. Recommend!,4,2026-05-13T22:11:13.476643
REV-000141,ORD-20260509-466960,CUST-10385,ZAF-ISF-001,Very satisfied! Sabzi Polo  Persian Tea (Chai)  Mirza Ghasemi  and Tahchin Morgh were fresh and flavorful. Persian Tea (Chai) was the standout dish.,4,2026-05-13T22:56:24.476643
REV-000144,ORD-20260511-452192,CUST-10010,ZAF-MSH-001,Very satisfied! Adas Polo  Mirza Ghasemi  and Mast-o Khiar were fresh and flavorful. Mirza Ghasemi was the standout dish.,4,2026-05-14T16:28:47.476643
REV-000140,ORD-20260508-468948,CUST-10422,ZAF-THR-001,Exceptional quality! Ordered Sholeh Zard and Sabzi Polo and everything was delicious. The Sholeh Zard melted in my mouth. Perfect!,5,2026-05-14T21:27:56.476643
REV-000145,ORD-20260512-202046,CUST-10270,ZAF-THR-001,Incredible meal! Baghali Polo  Sholeh Zard  and Adas Polo arrived hot and fresh. The Baghali Polo was absolutely divine. Highly satisfied!,5,2026-05-17T22:25:25.476643
REV-000143,ORD-20260511-997594,CUST-10193,ZAF-TBZ-001,Hands down the best Sholeh Zard I've ever had! Chelo Kabab Koobideh  Sharbat-e Ablimoo  Adas Polo  and Sholeh Zard were all prepared beautifully. Fresh and flavorful!,5,2026-05-18T15:35:48.476643
REV-000149,ORD-20260516-481540,CUST-10375,ZAF-TBZ-001,Exceptional quality! Ordered Salad Shirazi  Zereshk Polo ba Morgh  and Abgoosht (Dizi) and everything was delicious. The Abgoosht (Dizi) melted in my mouth. Perfect!,5,2026-05-18T16:14:57.476643
REV-000151,ORD-20260516-610511,CUST-10264,ZAF-THR-001,Incredible meal! Ghormeh Sabzi  Ash Reshteh  and Abgoosht (Dizi) arrived hot and fresh. The Abgoosht (Dizi) was absolutely divine. Highly satisfied!,5,2026-05-20T19:41:57.476643
REV-000147,ORD-20260516-468332,CUST-10013,ZAF-TBZ-001,Outstanding experience! The Ghormeh Sabzi  Dolme Barg  and Fesenjan exceeded all expectations. Fesenjan was the star of the sofreh. Will definitely order again!,5,2026-05-21T15:51:47.476643
REV-000148,ORD-20260516-424308,CUST-10319,ZAF-ISF-001,Exceptional quality! Ordered Faloodeh Shirazi  Sharbat-e Ablimoo  and Dolme Barg and everything was delicious. The Faloodeh Shirazi melted in my mouth. Perfect!,5,2026-05-21T16:04:42.476643
REV-000146,ORD-20260515-478427,CUST-10405,ZAF-THR-002,Very satisfied! Ash Reshteh and Sharbat-e Sekanjebin were fresh and flavorful. Sharbat-e Sekanjebin was the standout dish.,4,2026-05-21T18:14:07.476643
REV-000155,ORD-20260520-659921,CUST-10076,ZAF-MSH-001,Exceptional quality! Ordered Sharbat-e Sekanjebin  Mast-o Khiar  Kuku Sabzi  and Fesenjan and everything was delicious. The Mast-o Khiar melted in my mouth. Perfect!,5,2026-05-22T13:09:51.476643
REV-000150,ORD-20260516-987060,CUST-10382,ZAF-THR-002,Best Persian food I've had! Sharbat-e Ablimoo  Fesenjan  and Chelo Kabab Koobideh were incredible. Chelo Kabab Koobideh had the perfect balance of saffron and spice. Five stars!,5,2026-05-22T17:09:15.476643
REV-000154,ORD-20260520-408824,CUST-10135,ZAF-THR-002,Absolutely amazing Joojeh Kabab! The Joojeh Kabab was cooked to perfection. Fresh ingredients and authentic Persian flavors. Highly recommend!,5,2026-05-23T10:11:28.476643
REV-000153,ORD-20260519-817897,CUST-10320,ZAF-SHZ-001,Incredible meal! Abgoosht (Dizi) and Doogh arrived hot and fresh. The Abgoosht (Dizi) was absolutely divine. Highly satisfied!,5,2026-05-23T13:16:05.476643
REV-000157,ORD-20260521-354533,CUST-10398,ZAF-SHZ-001,Mixed feelings. Zoolbia Bamieh were acceptable. Zoolbia Bamieh was decent but portion was small for the price.,3,2026-05-24T10:18:26.476643
REV-000152,ORD-20260519-743453,CUST-10482,ZAF-TBZ-001,Not good. Chelo Kabab Koobideh arrived late and cold. Chelo Kabab Koobideh had barely any flavor. Poor quality.,2,2026-05-25T12:46:04.476643
REV-000156,ORD-20260520-154714,CUST-10418,ZAF-THR-002,Hands down the best Lavash Bread I've ever had! Sharbat-e Sekanjebin and Lavash Bread were all prepared beautifully. Fresh and flavorful!,5,2026-05-25T18:33:26.476643
REV-000160,ORD-20260523-582418,CUST-10499,ZAF-SHZ-001,Exceptional quality! Ordered Sholeh Zard and everything was delicious. The Sholeh Zard melted in my mouth. Perfect!,5,2026-05-25T20:49:11.476643
REV-000158,ORD-20260522-868544,CUST-10191,ZAF-SHZ-001,Great food overall. Zoolbia Bamieh  Mast-o Khiar  and Joojeh Kabab were tasty  especially the Zoolbia Bamieh. Would order again!,4,2026-05-26T17:02:40.476643
REV-000163,ORD-20260526-186702,CUST-10028,ZAF-SHZ-001,Hands down the best Sholeh Zard I've ever had! Sholeh Zard were all prepared beautifully. Fresh and flavorful!,5,2026-05-28T16:24:35.476643
REV-000159,ORD-20260523-643899,CUST-10274,ZAF-TBZ-001,Enjoyed the Bastani Sonnati  Sholeh Zard  Sharbat-e Sekanjebin  Kashke Bademjan  and Abgoosht (Dizi)! Kashke Bademjan was very good. Portion sizes were generous. Recommend!,4,2026-05-30T19:47:36.476643
REV-000165,ORD-20260530-181290,CUST-10194,ZAF-SHZ-001,Best Persian food I've had! Lavash Bread were incredible. Lavash Bread had the perfect balance of saffron and spice. Five stars!,5,2026-06-01T12:20:50.476643
REV-000164,ORD-20260529-784167,CUST-10496,ZAF-SHZ-001,Really good Lavash Bread  Chelo Kabab Koobideh  and Zereshk Polo ba Morgh! The Zereshk Polo ba Morgh was delicious. Slight delay in delivery but food quality made up for it.,4,2026-06-01T13:36:09.476643
REV-000161,ORD-20260525-270855,CUST-10045,ZAF-SHZ-001,Not good. Sharbat-e Ablimoo arrived late and cold. Sharbat-e Ablimoo had barely any flavor. Poor quality.,2,2026-06-01T14:11:15.476643
REV-000162,ORD-20260525-694797,CUST-10076,ZAF-ISF-001,Really good Joojeh Kabab! The Joojeh Kabab was delicious. Slight delay in delivery but food quality made up for it.,4,2026-06-01T19:27:38.476643
REV-000166,ORD-20260530-317413,CUST-10210,ZAF-THR-002,Enjoyed the Doogh  Lavash Bread  Tahchin Morgh  Sharbat-e Ablimoo  and Zoolbia Bamieh! Zoolbia Bamieh was very good. Portion sizes were generous. Recommend!,4,2026-06-04T12:26:44.476643
REV-000172,ORD-20260605-299028,CUST-10351,ZAF-THR-001,Really good Sangak Bread  Bastani Sonnati  and Joojeh Kabab! The Sangak Bread was delicious. Slight delay in delivery but food quality made up for it.,4,2026-06-06T13:54:23.476643
REV-000167,ORD-20260530-760434,CUST-10390,ZAF-SHZ-001,Enjoyed the Baghali Polo  Chelo Kabab Koobideh  Barbari Bread  Mast-o Khiar  and Sharbat-e Sekanjebin! Barbari Bread was very good. Portion sizes were generous. Recommend!,4,2026-06-06T16:43:48.476643
REV-000168,ORD-20260531-723948,CUST-10076,ZAF-MSH-001,Outstanding experience! The Persian Tea (Chai)  Salad Shirazi  and Mirza Ghasemi exceeded all expectations. Persian Tea (Chai) was the star of the sofreh. Will definitely order again!,5,2026-06-07T11:34:14.476643
REV-000173,ORD-20260605-698128,CUST-10401,ZAF-MSH-001,Really good Ash Reshteh  Sangak Bread  Baghali Polo  and Sharbat-e Sekanjebin! The Ash Reshteh was delicious. Slight delay in delivery but food quality made up for it.,4,2026-06-07T19:18:48.476643
REV-000169,ORD-20260602-758342,CUST-10212,ZAF-THR-002,Really good Sabzi Polo  Lavash Bread  Abgoosht (Dizi)  and Zereshk Polo ba Morgh! The Abgoosht (Dizi) was delicious. Slight delay in delivery but food quality made up for it.,4,2026-06-07T20:34:20.476643
REV-000170,ORD-20260602-763646,CUST-10164,ZAF-ISF-001,Incredible meal! Sholeh Zard  Adas Polo  Tahchin Morgh  Chelo Kabab Koobideh  and Kuku Sabzi arrived hot and fresh. The Tahchin Morgh was absolutely divine. Highly satisfied!,5,2026-06-07T20:38:08.476643
REV-000174,ORD-20260605-104892,CUST-10415,ZAF-MSH-001,Enjoyed the Bastani Sonnati  Faloodeh Shirazi  Sholeh Zard  Dolme Barg  and Ghormeh Sabzi! Ghormeh Sabzi was very good. Portion sizes were generous. Recommend!,4,2026-06-09T21:03:53.476643
REV-000178,ORD-20260609-986589,CUST-10270,ZAF-SHZ-001,Mediocre. Lavash Bread  Ghormeh Sabzi  and Barbari Bread were fine but forgettable. Lavash Bread didn't stand out.,3,2026-06-10T11:16:42.476643
REV-000171,ORD-20260604-551524,CUST-10354,ZAF-SHZ-001,Average experience. Joojeh Kabab  Sharbat-e Sekanjebin  Abgoosht (Dizi)  and Sabzi Polo were fine but Joojeh Kabab was a bit bland. Room for improvement.,3,2026-06-10T16:21:11.476643
REV-000179,ORD-20260609-799040,CUST-10357,ZAF-THR-002,Hands down the best Ghormeh Sabzi I've ever had! Dolme Barg  Ghormeh Sabzi  Sholeh Zard  Kashke Bademjan  and Ash Reshteh were all prepared beautifully. Fresh and flavorful!,5,2026-06-10T16:58:42.476643
REV-000176,ORD-20260608-265056,CUST-10369,ZAF-ISF-001,Absolutely amazing Doogh  Barbari Bread  and Lavash Bread! The Lavash Bread was cooked to perfection. Fresh ingredients and authentic Persian flavors. Highly recommend!,5,2026-06-11T15:10:23.476643
REV-000175,ORD-20260608-308573,CUST-10134,ZAF-MSH-001,Not good. Doogh  Kuku Sabzi  Abgoosht (Dizi)  Dolme Barg  and Sharbat-e Ablimoo arrived late and cold. Kuku Sabzi had barely any flavor. Poor quality.,2,2026-06-12T10:46:56.476643
REV-000182,ORD-20260611-884149,CUST-10271,ZAF-MSH-001,Decent food but nothing special. Salad Shirazi  Sabzi Polo  Dolme Barg  and Chelo Kabab Koobideh were okay. Sabzi Polo lacked the punch I expected.,3,2026-06-12T12:05:20.476643
REV-000180,ORD-20260610-249149,CUST-10470,ZAF-TBZ-001,Absolutely horrible! Sholeh Zard arrived ice cold after a 2 hour delay. Sholeh Zard was spoiled. Disgusting!,1,2026-06-13T12:27:18.476643
REV-000177,ORD-20260608-146853,CUST-10178,ZAF-SHZ-001,Exceptional quality! Ordered Dolme Barg  Zereshk Polo ba Morgh  Zoolbia Bamieh  and Sholeh Zard and everything was delicious. The Dolme Barg melted in my mouth. Perfect!,5,2026-06-14T22:13:33.476643
REV-000187,ORD-20260614-877493,CUST-10155,ZAF-ISF-001,Unsatisfactory. Adas Polo were not fresh. Adas Polo tasted reheated. Won't order again.,2,2026-06-15T13:55:58.476643
REV-000189,ORD-20260616-153395,CUST-10299,ZAF-SHZ-001,Good quality food. Adas Polo and Baghali Polo were nicely done. Baghali Polo could use a touch more saffron but still good!,4,2026-06-17T17:01:55.476643
REV-000188,ORD-20260614-819796,CUST-10129,ZAF-THR-001,Absolutely amazing Dolme Barg  Persian Tea (Chai)  Mirza Ghasemi  and Ghormeh Sabzi! The Persian Tea (Chai) was cooked to perfection. Fresh ingredients and authentic Persian flavors. Highly recommend!,5,2026-06-17T17:21:11.476643
REV-000185,ORD-20260613-793805,CUST-10351,ZAF-MSH-001,Decent food but nothing special. Baghali Polo were okay. Baghali Polo lacked the punch I expected.,3,2026-06-17T21:09:13.476643
REV-000181,ORD-20260610-805668,CUST-10425,ZAF-ISF-001,Hands down the best Persian Tea (Chai) I've ever had! Persian Tea (Chai) were all prepared beautifully. Fresh and flavorful!,5,2026-06-17T21:13:28.476643
REV-000183,ORD-20260612-575301,CUST-10132,ZAF-TBZ-001,Absolutely amazing Ghormeh Sabzi  Kuku Sabzi  and Sholeh Zard! The Ghormeh Sabzi was cooked to perfection. Fresh ingredients and authentic Persian flavors. Highly recommend!,5,2026-06-18T13:14:09.476643
REV-000193,ORD-20260617-114760,CUST-10066,ZAF-THR-001,Absolutely amazing Fesenjan  Bastani Sonnati  Ghormeh Sabzi  Tahchin Morgh  and Mast-o Khiar! The Tahchin Morgh was cooked to perfection. Fresh ingredients and authentic Persian flavors. Highly recommend!,5,2026-06-18T22:48:49.476643
REV-000184,ORD-20260612-285846,CUST-10429,ZAF-THR-002,Exceptional quality! Ordered Lavash Bread and everything was delicious. The Lavash Bread melted in my mouth. Perfect!,5,2026-06-19T14:53:10.476643
REV-000186,ORD-20260614-485416,CUST-10374,ZAF-THR-001,Very satisfied! Dolme Barg were fresh and flavorful. Dolme Barg was the standout dish.,4,2026-06-20T11:14:24.476643
REV-000192,ORD-20260617-629146,CUST-10485,ZAF-THR-002,Incredible meal! Mast-o Khiar  Ash Reshteh  Zoolbia Bamieh  and Salad Shirazi arrived hot and fresh. The Zoolbia Bamieh was absolutely divine. Highly satisfied!,5,2026-06-20T15:48:12.476643
REV-000190,ORD-20260616-983687,CUST-10160,ZAF-THR-001,Mediocre. Baghali Polo  Sharbat-e Ablimoo  Mirza Ghasemi  Fesenjan  and Joojeh Kabab were fine but forgettable. Sharbat-e Ablimoo didn't stand out.,3,2026-06-20T22:01:03.476643
REV-000191,ORD-20260617-188923,CUST-10489,ZAF-THR-001,Exceptional quality! Ordered Joojeh Kabab  Mirza Ghasemi  and Lavash Bread and everything was delicious. The Mirza Ghasemi melted in my mouth. Perfect!,5,2026-06-21T12:07:14.476643
REV-000196,ORD-20260619-977634,CUST-10013,ZAF-ISF-001,Hands down the best Dolme Barg I've ever had! Faloodeh Shirazi  Dolme Barg  and Ghormeh Sabzi were all prepared beautifully. Fresh and flavorful!,5,2026-06-22T20:06:56.476643
REV-000200,ORD-20260624-801200,CUST-10045,ZAF-TBZ-001,Hands down the best Bastani Sonnati I've ever had! Tahchin Morgh and Bastani Sonnati were all prepared beautifully. Fresh and flavorful!,5,2026-06-25T11:33:56.476643
REV-000194,ORD-20260619-815551,CUST-10487,ZAF-TBZ-001,Hands down the best Baghali Polo I've ever had! Baghali Polo were all prepared beautifully. Fresh and flavorful!,5,2026-06-25T12:55:13.476643
REV-000197,ORD-20260619-728492,CUST-10139,ZAF-MSH-001,Great food overall. Persian Tea (Chai)  Tahchin Morgh  Ash Reshteh  and Zereshk Polo ba Morgh were tasty  especially the Tahchin Morgh. Would order again!,4,2026-06-25T21:18:32.476643
REV-000195,ORD-20260619-727127,CUST-10104,ZAF-SHZ-001,Incredible meal! Ash Reshteh arrived hot and fresh. The Ash Reshteh was absolutely divine. Highly satisfied!,5,2026-06-26T14:12:09.476643
REV-000199,ORD-20260624-578933,CUST-10443,ZAF-SHZ-001,Incredible meal! Doogh  Sharbat-e Ablimoo  and Baghali Polo arrived hot and fresh. The Sharbat-e Ablimoo was absolutely divine. Highly satisfied!,5,2026-06-27T10:25:04.476643
REV-000206,ORD-20260626-108105,CUST-10202,ZAF-THR-002,Good quality food. Kashke Bademjan  Mast-o Khiar  Adas Polo  Baghali Polo  and Doogh were nicely done. Kashke Bademjan could use a touch more saffron but still good!,4,2026-06-27T20:19:02.476643
REV-000198,ORD-20260621-285006,CUST-10159,ZAF-SHZ-001,Hands down the best Zoolbia Bamieh I've ever had! Zoolbia Bamieh and Adas Polo were all prepared beautifully. Fresh and flavorful!,5,2026-06-28T11:27:46.476643
REV-000209,ORD-20260627-318217,CUST-10259,ZAF-TBZ-001,Great food overall. Zereshk Polo ba Morgh and Doogh were tasty  especially the Doogh. Would order again!,4,2026-06-28T11:39:23.476643
REV-000203,ORD-20260625-935527,CUST-10258,ZAF-MSH-001,Terrible experience! Salad Shirazi were all inedible. Salad Shirazi was completely burnt. Waste of money!,1,2026-06-28T19:50:54.476643
REV-000208,ORD-20260626-237148,CUST-10449,ZAF-SHZ-001,Exceptional quality! Ordered Dolme Barg and everything was delicious. The Dolme Barg melted in my mouth. Perfect!,5,2026-06-28T22:39:56.476643
REV-000207,ORD-20260626-483551,CUST-10465,ZAF-ISF-001,Outstanding experience! The Tahchin Morgh  Sangak Bread  and Ash Reshteh exceeded all expectations. Sangak Bread was the star of the sofreh. Will definitely order again!,5,2026-06-29T20:40:34.476643
REV-000201,ORD-20260624-170825,CUST-10052,ZAF-THR-001,Decent food but nothing special. Lavash Bread were okay. Lavash Bread lacked the punch I expected.,3,2026-06-30T15:37:12.476643
REV-000204,ORD-20260626-739711,CUST-10467,ZAF-SHZ-001,Really good Chelo Kabab Koobideh  Sangak Bread  Joojeh Kabab  Faloodeh Shirazi  and Doogh! The Joojeh Kabab was delicious. Slight delay in delivery but food quality made up for it.,4,2026-06-30T16:20:11.476643
REV-000211,ORD-20260628-532007,CUST-10006,ZAF-THR-002,Really good Abgoosht (Dizi) and Baghali Polo! The Baghali Polo was delicious. Slight delay in delivery but food quality made up for it.,4,2026-06-30T19:22:52.476643
REV-000213,ORD-20260629-412856,CUST-10114,ZAF-MSH-001,Incredible meal! Doogh arrived hot and fresh. The Doogh was absolutely divine. Highly satisfied!,5,2026-07-01T16:33:08.476643
REV-000205,ORD-20260626-588461,CUST-10037,ZAF-TBZ-001,Mediocre. Chelo Kabab Koobideh and Bastani Sonnati were fine but forgettable. Bastani Sonnati didn't stand out.,3,2026-07-01T16:49:26.476643
REV-000215,ORD-20260630-160738,CUST-10306,ZAF-THR-001,Below expectations. Tahchin Morgh  Mast-o Khiar  and Dolme Barg were underwhelming. Tahchin Morgh was overcooked and dry.,2,2026-07-01T22:59:33.476643
REV-000202,ORD-20260625-123572,CUST-10351,ZAF-THR-001,Incredible meal! Sharbat-e Ablimoo  Mirza Ghasemi  Chelo Kabab Koobideh  Zereshk Polo ba Morgh  and Kashke Bademjan arrived hot and fresh. The Chelo Kabab Koobideh was absolutely divine. Highly satisfied!,5,2026-07-02T11:00:19.476643
REV-000210,ORD-20260627-630041,CUST-10057,ZAF-TBZ-001,Hands down the best Persian Tea (Chai) I've ever had! Persian Tea (Chai) were all prepared beautifully. Fresh and flavorful!,5,2026-07-02T21:23:04.476643
REV-000212,ORD-20260629-123316,CUST-10442,ZAF-MSH-001,Outstanding experience! The Barbari Bread  Abgoosht (Dizi)  Fesenjan  and Sabzi Polo exceeded all expectations. Sabzi Polo was the star of the sofreh. Will definitely order again!,5,2026-07-04T15:02:29.476643
REV-000214,ORD-20260629-995420,CUST-10293,ZAF-SHZ-001,Absolutely amazing Tahchin Morgh and Baghali Polo! The Tahchin Morgh was cooked to perfection. Fresh ingredients and authentic Persian flavors. Highly recommend!,5,2026-07-04T20:55:59.476643
REV-000224,ORD-20260705-211642,CUST-10363,ZAF-MSH-001,Disappointed with Faloodeh Shirazi  Zoolbia Bamieh  Persian Tea (Chai)  and Sangak Bread. Zoolbia Bamieh was cold when it arrived. Not worth the money.,2,2026-07-06T17:37:36.476643
REV-000218,ORD-20260704-608149,CUST-10095,ZAF-THR-002,Mixed feelings. Persian Tea (Chai)  Zereshk Polo ba Morgh  and Lavash Bread were acceptable. Persian Tea (Chai) was decent but portion was small for the price.,3,2026-07-08T12:31:18.476643
REV-000220,ORD-20260704-805000,CUST-10007,ZAF-SHZ-001,Really good Sangak Bread  Dolme Barg  and Zereshk Polo ba Morgh! The Dolme Barg was delicious. Slight delay in delivery but food quality made up for it.,4,2026-07-08T15:05:50.476643
REV-000216,ORD-20260701-407835,CUST-10113,ZAF-ISF-001,Outstanding experience! The Faloodeh Shirazi and Chelo Kabab Koobideh exceeded all expectations. Faloodeh Shirazi was the star of the sofreh. Will definitely order again!,5,2026-07-08T18:25:05.476643
REV-000225,ORD-20260705-132359,CUST-10350,ZAF-SHZ-001,Very satisfied! Fesenjan  Sholeh Zard  Persian Tea (Chai)  and Zereshk Polo ba Morgh were fresh and flavorful. Sholeh Zard was the standout dish.,4,2026-07-08T18:41:31.476643
REV-000227,ORD-20260706-411797,CUST-10285,ZAF-THR-001,Absolutely amazing Lavash Bread  Sharbat-e Sekanjebin  Ash Reshteh  and Doogh! The Doogh was cooked to perfection. Fresh ingredients and authentic Persian flavors. Highly recommend!,5,2026-07-09T14:05:15.476643
REV-000219,ORD-20260704-261169,CUST-10433,ZAF-TBZ-001,Enjoyed the Mast-o Khiar  Chelo Kabab Koobideh  and Zereshk Polo ba Morgh! Chelo Kabab Koobideh was very good. Portion sizes were generous. Recommend!,4,2026-07-09T14:08:10.476643
REV-000221,ORD-20260704-779885,CUST-10430,ZAF-ISF-001,Absolutely amazing Salad Shirazi  Baghali Polo  Sharbat-e Ablimoo  and Faloodeh Shirazi! The Salad Shirazi was cooked to perfection. Fresh ingredients and authentic Persian flavors. Highly recommend!,5,2026-07-09T16:53:59.476643
REV-000217,ORD-20260702-307007,CUST-10148,ZAF-THR-001,Disaster! Sabzi Polo were all stale. Sabzi Polo had a weird smell. Completely unacceptable!,1,2026-07-09T17:41:35.476643
REV-000228,ORD-20260706-398301,CUST-10474,ZAF-TBZ-001,Mediocre. Joojeh Kabab  Zereshk Polo ba Morgh  and Ghormeh Sabzi were fine but forgettable. Joojeh Kabab didn't stand out.,3,2026-07-09T18:13:24.476643
REV-000229,ORD-20260706-656251,CUST-10379,ZAF-THR-002,Average experience. Mirza Ghasemi were fine but Mirza Ghasemi was a bit bland. Room for improvement.,3,2026-07-09T20:25:04.476643
REV-000222,ORD-20260704-629208,CUST-10054,ZAF-MSH-001,Great food overall. Joojeh Kabab  Faloodeh Shirazi  Zereshk Polo ba Morgh  Sholeh Zard  and Fesenjan were tasty  especially the Zereshk Polo ba Morgh. Would order again!,4,2026-07-09T21:35:26.476643
REV-000232,ORD-20260708-679720,CUST-10379,ZAF-THR-002,Best Persian food I've had! Mast-o Khiar  Kashke Bademjan  Sharbat-e Ablimoo  Ash Reshteh  and Tahchin Morgh were incredible. Ash Reshteh had the perfect balance of saffron and spice. Five stars!,5,2026-07-10T20:46:07.476643
REV-000233,ORD-20260708-555596,CUST-10134,ZAF-SHZ-001,Outstanding experience! The Ghormeh Sabzi exceeded all expectations. Ghormeh Sabzi was the star of the sofreh. Will definitely order again!,5,2026-07-11T21:03:35.476643
REV-000223,ORD-20260705-481219,CUST-10043,ZAF-THR-001,Exceptional quality! Ordered Abgoosht (Dizi) and everything was delicious. The Abgoosht (Dizi) melted in my mouth. Perfect!,5,2026-07-12T14:54:48.476643
REV-000226,ORD-20260706-384263,CUST-10117,ZAF-THR-001,Enjoyed the Sharbat-e Ablimoo and Sholeh Zard! Sharbat-e Ablimoo was very good. Portion sizes were generous. Recommend!,4,2026-07-13T11:57:33.476643
REV-000231,ORD-20260708-768595,CUST-10472,ZAF-ISF-001,Disappointed with Abgoosht (Dizi) and Ghormeh Sabzi. Ghormeh Sabzi was cold when it arrived. Not worth the money.,2,2026-07-13T12:03:10.476643
REV-000238,ORD-20260712-780714,CUST-10069,ZAF-ISF-001,Hands down the best Fesenjan I've ever had! Zoolbia Bamieh and Fesenjan were all prepared beautifully. Fresh and flavorful!,5,2026-07-14T11:21:19.476643
REV-000230,ORD-20260707-665158,CUST-10255,ZAF-MSH-001,Incredible meal! Bastani Sonnati  Zereshk Polo ba Morgh  Salad Shirazi  and Sabzi Polo arrived hot and fresh. The Salad Shirazi was absolutely divine. Highly satisfied!,5,2026-07-14T21:20:13.476643
REV-000235,ORD-20260709-757203,CUST-10480,ZAF-MSH-001,Incredible meal! Sabzi Polo  Bastani Sonnati  Sangak Bread  and Sharbat-e Sekanjebin arrived hot and fresh. The Bastani Sonnati was absolutely divine. Highly satisfied!,5,2026-07-15T17:13:42.476643
REV-000234,ORD-20260709-155021,CUST-10192,ZAF-THR-002,Terrible experience! Faloodeh Shirazi  Persian Tea (Chai)  Kuku Sabzi  and Kashke Bademjan were all inedible. Kuku Sabzi was completely burnt. Waste of money!,1,2026-07-16T11:43:50.476643
REV-000243,ORD-20260715-365641,CUST-10044,ZAF-THR-001,Best Persian food I've had! Salad Shirazi  Ghormeh Sabzi  Faloodeh Shirazi  Doogh  and Bastani Sonnati were incredible. Ghormeh Sabzi had the perfect balance of saffron and spice. Five stars!,5,2026-07-16T20:07:45.476643
REV-000237,ORD-20260711-992697,CUST-10080,ZAF-TBZ-001,Great food overall. Abgoosht (Dizi) were tasty  especially the Abgoosht (Dizi). Would order again!,4,2026-07-17T17:32:58.476643
REV-000236,ORD-20260710-246770,CUST-10340,ZAF-MSH-001,Good quality food. Sharbat-e Ablimoo  Lavash Bread  Ash Reshteh  Joojeh Kabab  and Baghali Polo were nicely done. Ash Reshteh could use a touch more saffron but still good!,4,2026-07-17T19:45:57.476643
REV-000240,ORD-20260713-608473,CUST-10189,ZAF-SHZ-001,Outstanding experience! The Sabzi Polo and Sharbat-e Sekanjebin exceeded all expectations. Sharbat-e Sekanjebin was the star of the sofreh. Will definitely order again!,5,2026-07-17T21:09:42.476643
REV-000242,ORD-20260714-645175,CUST-10223,ZAF-ISF-001,Exceptional quality! Ordered Abgoosht (Dizi)  Dolme Barg  Ghormeh Sabzi  Barbari Bread  and Adas Polo and everything was delicious. The Abgoosht (Dizi) melted in my mouth. Perfect!,5,2026-07-18T16:22:46.476643
REV-000244,ORD-20260715-831871,CUST-10446,ZAF-ISF-001,Incredible meal! Persian Tea (Chai)  Sharbat-e Ablimoo  and Faloodeh Shirazi arrived hot and fresh. The Faloodeh Shirazi was absolutely divine. Highly satisfied!,5,2026-07-18T22:10:34.476643
REV-000247,ORD-20260718-600646,CUST-10263,ZAF-SHZ-001,Outstanding experience! The Mirza Ghasemi  Ghormeh Sabzi  and Faloodeh Shirazi exceeded all expectations. Ghormeh Sabzi was the star of the sofreh. Will definitely order again!,5,2026-07-19T20:57:25.476643
REV-000239,ORD-20260712-289448,CUST-10178,ZAF-TBZ-001,Absolutely amazing Sharbat-e Ablimoo  Baghali Polo  Sangak Bread  Sabzi Polo  and Lavash Bread! The Sabzi Polo was cooked to perfection. Fresh ingredients and authentic Persian flavors. Highly recommend!,5,2026-07-19T22:31:06.476643
REV-000248,ORD-20260718-385577,CUST-10341,ZAF-THR-001,Good quality food. Baghali Polo  Faloodeh Shirazi  Dolme Barg  Salad Shirazi  and Sabzi Polo were nicely done. Salad Shirazi could use a touch more saffron but still good!,4,2026-07-19T22:41:33.476643
REV-000249,ORD-20260719-546980,CUST-10266,ZAF-MSH-001,Good quality food. Zereshk Polo ba Morgh  Bastani Sonnati  and Mast-o Khiar were nicely done. Mast-o Khiar could use a touch more saffron but still good!,4,2026-07-20T10:46:50.476643
REV-000246,ORD-20260718-705711,CUST-10211,ZAF-THR-002,Absolutely amazing Sharbat-e Sekanjebin  Sangak Bread  Tahchin Morgh  Kuku Sabzi  and Joojeh Kabab! The Tahchin Morgh was cooked to perfection. Fresh ingredients and authentic Persian flavors. Highly recommend!,5,2026-07-20T14:43:25.476643
REV-000241,ORD-20260714-362035,CUST-10191,ZAF-TBZ-001,Really good Fesenjan and Sangak Bread! The Fesenjan was delicious. Slight delay in delivery but food quality made up for it.,4,2026-07-21T13:50:00.476643
REV-000250,ORD-20260720-838083,CUST-10471,ZAF-MSH-001,Hands down the best Zoolbia Bamieh I've ever had! Ash Reshteh  Zoolbia Bamieh  and Mirza Ghasemi were all prepared beautifully. Fresh and flavorful!,5,2026-07-22T11:15:40.476643
REV-000251,ORD-20260721-785761,CUST-10480,ZAF-SHZ-001,Decent food but nothing special. Dolme Barg  Ash Reshteh  Adas Polo  and Joojeh Kabab were okay. Adas Polo lacked the punch I expected.,3,2026-07-22T13:59:34.476643
REV-000245,ORD-20260717-468074,CUST-10014,ZAF-ISF-001,Exceptional quality! Ordered Sabzi Polo and Sholeh Zard and everything was delicious. The Sabzi Polo melted in my mouth. Perfect!,5,2026-07-24T20:53:44.476643
REV-000252,ORD-20260722-101139,CUST-10219,ZAF-THR-002,Really good Sholeh Zard! The Sholeh Zard was delicious. Slight delay in delivery but food quality made up for it.,4,2026-07-25T14:46:44.476643
REV-000253,ORD-20260722-886224,CUST-10324,ZAF-THR-001,Best Persian food I've had! Ghormeh Sabzi were incredible. Ghormeh Sabzi had the perfect balance of saffron and spice. Five stars!,5,2026-07-25T16:24:28.476643
REV-000257,ORD-20260724-152973,CUST-10156,ZAF-THR-001,Absolutely amazing Kashke Bademjan  Chelo Kabab Koobideh  Sangak Bread  Barbari Bread  and Salad Shirazi! The Chelo Kabab Koobideh was cooked to perfection. Fresh ingredients and authentic Persian flavors. Highly recommend!,5,2026-07-25T22:40:24.476643
REV-000260,ORD-20260725-557019,CUST-10246,ZAF-SHZ-001,Mixed feelings. Zereshk Polo ba Morgh  Kuku Sabzi  Ash Reshteh  Salad Shirazi  and Sharbat-e Sekanjebin were acceptable. Ash Reshteh was decent but portion was small for the price.,3,2026-07-26T18:16:22.476643
REV-000259,ORD-20260725-443939,CUST-10241,ZAF-THR-002,Absolutely horrible! Lavash Bread arrived ice cold after a 2 hour delay. Lavash Bread was spoiled. Disgusting!,1,2026-07-28T15:06:43.476643
REV-000254,ORD-20260722-171488,CUST-10251,ZAF-ISF-001,Decent food but nothing special. Sangak Bread  Joojeh Kabab  Mirza Ghasemi  Sharbat-e Sekanjebin  and Sholeh Zard were okay. Sholeh Zard lacked the punch I expected.,3,2026-07-28T19:53:42.476643
REV-000264,ORD-20260728-533108,CUST-10251,ZAF-SHZ-001,Enjoyed the Salad Shirazi  Kuku Sabzi  Adas Polo  and Ash Reshteh! Ash Reshteh was very good. Portion sizes were generous. Recommend!,4,2026-07-29T15:11:54.476643
REV-000255,ORD-20260722-182860,CUST-10216,ZAF-SHZ-001,Hands down the best Sangak Bread I've ever had! Mirza Ghasemi  Bastani Sonnati  Sangak Bread  and Lavash Bread were all prepared beautifully. Fresh and flavorful!,5,2026-07-29T21:32:49.476643
REV-000261,ORD-20260727-533232,CUST-10461,ZAF-THR-001,Exceptional quality! Ordered Faloodeh Shirazi and everything was delicious. The Faloodeh Shirazi melted in my mouth. Perfect!,5,2026-07-30T10:38:30.476643
REV-000256,ORD-20260723-856601,CUST-10498,ZAF-TBZ-001,Absolutely amazing Fesenjan  Ghormeh Sabzi  and Faloodeh Shirazi! The Faloodeh Shirazi was cooked to perfection. Fresh ingredients and authentic Persian flavors. Highly recommend!,5,2026-07-30T21:51:42.476643
REV-000262,ORD-20260728-350132,CUST-10102,ZAF-THR-002,Average experience. Lavash Bread were fine but Lavash Bread was a bit bland. Room for improvement.,3,2026-07-31T10:48:01.476643
REV-000263,ORD-20260728-274174,CUST-10439,ZAF-MSH-001,Incredible meal! Adas Polo  Mirza Ghasemi  Baghali Polo  Doogh  and Zereshk Polo ba Morgh arrived hot and fresh. The Baghali Polo was absolutely divine. Highly satisfied!,5,2026-07-31T13:27:53.476643
REV-000266,ORD-20260729-957939,CUST-10407,ZAF-MSH-001,It was okay. Doogh arrived lukewarm. Doogh tasted fine but could be better.,3,2026-07-31T21:24:49.476643
REV-000258,ORD-20260725-876646,CUST-10125,ZAF-ISF-001,Hands down the best Zoolbia Bamieh I've ever had! Salad Shirazi and Zoolbia Bamieh were all prepared beautifully. Fresh and flavorful!,5,2026-08-01T11:01:47.476643
REV-000268,ORD-20260730-938769,CUST-10049,ZAF-THR-001,Incredible meal! Mast-o Khiar and Chelo Kabab Koobideh arrived hot and fresh. The Chelo Kabab Koobideh was absolutely divine. Highly satisfied!,5,2026-08-02T15:45:28.476643
REV-000270,ORD-20260731-577100,CUST-10431,ZAF-THR-002,Worst meal ever! Kashke Bademjan  Mirza Ghasemi  Fesenjan  and Sholeh Zard were all wrong. Sholeh Zard made me sick. Never ordering again!,1,2026-08-02T17:11:50.476643
REV-000267,ORD-20260730-648055,CUST-10484,ZAF-THR-001,Worst meal ever! Sharbat-e Sekanjebin  Baghali Polo  Faloodeh Shirazi  Sangak Bread  and Zereshk Polo ba Morgh were all wrong. Faloodeh Shirazi made me sick. Never ordering again!,1,2026-08-03T10:15:19.476643
REV-000271,ORD-20260801-437260,CUST-10368,ZAF-MSH-001,Great food overall. Lavash Bread and Sharbat-e Ablimoo were tasty  especially the Lavash Bread. Would order again!,4,2026-08-03T13:51:43.476643
REV-000265,ORD-20260729-153231,CUST-10103,ZAF-THR-002,It was okay. Sabzi Polo  Sangak Bread  Sholeh Zard  Salad Shirazi  and Dolme Barg arrived lukewarm. Sholeh Zard tasted fine but could be better.,3,2026-08-03T14:47:30.476643
REV-000269,ORD-20260731-355400,CUST-10497,ZAF-TBZ-001,Absolutely amazing Kashke Bademjan! The Kashke Bademjan was cooked to perfection. Fresh ingredients and authentic Persian flavors. Highly recommend!,5,2026-08-04T13:41:40.476643
REV-000274,ORD-20260802-503572,CUST-10358,ZAF-MSH-001,Below expectations. Dolme Barg  Fesenjan  Faloodeh Shirazi  Zoolbia Bamieh  and Ash Reshteh were underwhelming. Faloodeh Shirazi was overcooked and dry.,2,2026-08-07T15:33:33.476643
REV-000276,ORD-20260804-948809,CUST-10173,ZAF-THR-001,Absolutely amazing Baghali Polo and Zereshk Polo ba Morgh! The Zereshk Polo ba Morgh was cooked to perfection. Fresh ingredients and authentic Persian flavors. Highly recommend!,5,2026-08-08T12:24:41.476643
REV-000272,ORD-20260802-757258,CUST-10439,ZAF-SHZ-001,Not good. Zoolbia Bamieh  Barbari Bread  Mast-o Khiar  Zereshk Polo ba Morgh  and Doogh arrived late and cold. Mast-o Khiar had barely any flavor. Poor quality.,2,2026-08-08T14:10:45.476643
REV-000273,ORD-20260802-812730,CUST-10430,ZAF-THR-002,Enjoyed the Kuku Sabzi  Baghali Polo  Dolme Barg  Tahchin Morgh  and Salad Shirazi! Dolme Barg was very good. Portion sizes were generous. Recommend!,4,2026-08-09T15:32:19.476643
REV-000275,ORD-20260802-361662,CUST-10228,ZAF-ISF-001,Outstanding experience! The Sabzi Polo exceeded all expectations. Sabzi Polo was the star of the sofreh. Will definitely order again!,5,2026-08-09T20:46:56.476643
REV-000277,ORD-20260806-520651,CUST-10117,ZAF-THR-001,Incredible meal! Sharbat-e Sekanjebin arrived hot and fresh. The Sharbat-e Sekanjebin was absolutely divine. Highly satisfied!,5,2026-08-10T15:53:49.476643
REV-000279,ORD-20260807-946969,CUST-10324,ZAF-MSH-001,Best Persian food I've had! Sangak Bread  Adas Polo  Persian Tea (Chai)  Zereshk Polo ba Morgh  and Ash Reshteh were incredible. Adas Polo had the perfect balance of saffron and spice. Five stars!,5,2026-08-10T16:41:16.476643
REV-000278,ORD-20260806-113406,CUST-10148,ZAF-SHZ-001,Absolutely horrible! Adas Polo  Sharbat-e Ablimoo  Mirza Ghasemi  and Persian Tea (Chai) arrived ice cold after a 2 hour delay. Sharbat-e Ablimoo was spoiled. Disgusting!,1,2026-08-10T17:14:35.476643
REV-000281,ORD-20260808-493049,CUST-10166,ZAF-THR-001,Mixed feelings. Baghali Polo were acceptable. Baghali Polo was decent but portion was small for the price.,3,2026-08-13T14:57:01.476643
REV-000280,ORD-20260808-789247,CUST-10322,ZAF-THR-001,Best Persian food I've had! Bastani Sonnati  Sholeh Zard  and Adas Polo were incredible. Bastani Sonnati had the perfect balance of saffron and spice. Five stars!,5,2026-08-14T12:34:13.476643
REV-000284,ORD-20260809-917012,CUST-10053,ZAF-THR-002,Hands down the best Faloodeh Shirazi I've ever had! Barbari Bread  Tahchin Morgh  Sharbat-e Sekanjebin  and Faloodeh Shirazi were all prepared beautifully. Fresh and flavorful!,5,2026-08-14T21:03:54.476643
REV-000283,ORD-20260809-733052,CUST-10110,ZAF-THR-002,Absolutely amazing Dolme Barg  Mirza Ghasemi  and Ghormeh Sabzi! The Dolme Barg was cooked to perfection. Fresh ingredients and authentic Persian flavors. Highly recommend!,5,2026-08-15T16:21:17.476643
REV-000282,ORD-20260809-543814,CUST-10229,ZAF-SHZ-001,Mediocre. Mast-o Khiar  Mirza Ghasemi  Sabzi Polo  Adas Polo  and Persian Tea (Chai) were fine but forgettable. Sabzi Polo didn't stand out.,3,2026-08-16T12:48:45.476643
REV-000285,ORD-20260810-329183,CUST-10204,ZAF-THR-001,Exceptional quality! Ordered Mirza Ghasemi  Sangak Bread  and Kuku Sabzi and everything was delicious. The Mirza Ghasemi melted in my mouth. Perfect!,5,2026-08-17T14:15:18.476643
